filename,status,bars,slow_ratio,center_ratio,fast_ratio,achievement,precision,balance,overall_score,rank,play_tendency,ranking_position,ranking_percentile,ranking_top_percent,ranking_title,error
002A24D5-37C4-49A7-B262-7991477A2170.jpeg,OK,3,0.103448,0.758621,0.137931,100.759,75.862,85.714,77.833,S,All Round Player,542,30.127848804891606,30.127848804891606,パープルランカー,
005F3183-550E-4586-9908-BBE00E6053E3.jpeg,OK,3,0.029126,0.728155,0.242718,100.728,72.816,21.429,62.538,BBB,Fast Type,1605,89.21623123957755,89.21623123957755,ブルーランカー,
01592CBB-B295-4BAF-B92D-3A3B29708F95.jpg,OK,3,0.143836,0.739726,0.116438,100.740,73.973,89.474,77.073,S,Balanced Player,617,34.29683157309616,34.29683157309616,パープルランカー,
01A896BF-D663-44C2-B8CE-70C8C93F557F.png,OK,3,0.055556,0.677778,0.266667,100.678,67.778,34.483,61.119,BB,Fast Type,1645,91.43968871595331,91.43968871595331,ホワイトランカー,
02DE9E39-4A27-4194-A9EA-B293B13F16BB.png,OK,3,0.089385,0.703911,0.206704,100.704,70.391,60.377,68.388,AA,Fast Type,1341,74.5414118954975,74.5414118954975,グリーンランカー,
030667F6-0F07-4EF6-9B71-5B97D24436AC.jpeg,OK,3,0.055172,0.772414,0.172414,100.772,77.241,48.485,71.490,AA+,Fast Type,1110,61.70094496942746,61.70094496942746,オレンジランカー,
0339F4B5-792B-4B43-8310-643D0847129D.jpg,OK,3,0.137931,0.695402,0.166667,100.695,69.540,90.566,73.745,AAA,Balanced Player,924,51.36186770428015,51.36186770428015,レッドランカー,
03E514C0-B1C4-4034-9C86-0DF85928AD70.jpg,OK,3,0.089655,0.786207,0.124138,100.786,78.621,83.871,79.671,S+,All Round Player,394,21.90105614230128,21.90105614230128,ブロンズランカー,
03EF56B3-053B-49EC-B8F8-822CDDF70EF6.jpeg,OK,3,0.068627,0.735294,0.196078,100.735,73.529,51.852,69.194,AA,Fast Type,1291,71.7620900500278,71.7620900500278,グリーンランカー,
047F8560-5226-4F89-BF7B-3FFD545B374E.jpeg,OK,3,0.144828,0.737931,0.117241,100.738,73.793,89.474,76.929,S,Balanced Player,635,35.29738743746526,35.29738743746526,パープルランカー,
04A08054-4324-455B-8B0C-DD9ABF030DE1.jpeg,OK,3,0.114943,0.706897,0.178161,100.707,70.690,78.431,72.238,AAA,All Round Player,1048,58.25458588104503,58.25458588104503,レッドランカー,
04EBD70C-87D8-480B-B746-BEE31482341C.jpeg,OK,3,0.131034,0.737931,0.131034,100.738,73.793,100.000,79.034,S+,Balanced Player,443,24.62479155086159,24.62479155086159,ブロンズランカー,
056D2223-9E94-4EE9-904A-84ECC12545CD.jpeg,OK,3,0.176471,0.696078,0.127451,100.696,69.608,83.871,72.460,AAA,All Round Player,1033,57.42078932740411,57.42078932740411,レッドランカー,
05CEFC40-2B69-4638-B5C6-E6CA3F4C40DD.jpeg,OK,3,0.168317,0.742574,0.089109,100.743,74.257,69.231,73.252,AAA,Slow Type,969,53.86325736520289,53.86325736520289,レッドランカー,
0629FC26-46C3-4689-9B53-5865F71CBF4F.jpg,OK,3,0.089655,0.696552,0.213793,100.697,69.655,59.091,67.542,A+,Fast Type,1384,76.93162868260146,76.93162868260146,グリーンランカー,
077106B1-8000-4FC0-AABF-DD59EADA5B81.png,OK,3,0.066667,0.716667,0.216667,100.717,71.667,47.059,66.745,A+,Fast Type,1428,79.37743190661479,79.37743190661479,グリーンランカー,
07874C4D-4C1D-4CDA-AF71-411329E8CFCD.jpeg,OK,3,0.058824,0.794118,0.147059,100.794,79.412,57.143,74.958,AAA+,Fast Type,814,45.24735964424681,45.24735964424681,パープルランカー,
08C061EA-3C4B-4115-93CB-C9069B58706F.jpeg,OK,3,0.159722,0.701389,0.138889,100.701,70.139,93.023,74.716,AAA+,Balanced Player,843,46.85936631461923,46.85936631461923,パープルランカー,
093C013F-60E2-4D72-9B38-2CB27EDB16E3.jpg,OK,3,0.075581,0.633721,0.290698,100.634,63.372,41.270,58.952,B,Fast Type,1694,94.16342412451361,94.16342412451361,ホワイトランカー,
09B7699B-1D77-415D-94F1-171B84F18F9E.jpeg,OK,3,0.158192,0.790960,0.050847,100.791,79.096,48.649,73.007,AAA,Slow Type,987,54.86381322957199,54.86381322957199,レッドランカー,
0A80B737-4AD1-438D-937A-73F0E3AC2842.jpeg,OK,3,0.187500,0.750000,0.062500,100.750,75.000,50.000,70.000,AA+,Slow Type,1229,68.31573096164536,68.31573096164536,オレンジランカー,
0C1D9EDD-C7E2-4379-B15C-48A7D752ED38.jpeg,OK,3,0.186207,0.751724,0.062069,100.752,75.172,50.000,70.138,AA+,Slow Type,1218,67.70428015564202,67.70428015564202,オレンジランカー,
0D0F31A9-DB4F-4F27-AD3D-8F54668736B6.jpeg,OK,3,0.106796,0.728155,0.165049,100.728,72.816,78.571,73.967,AAA,All Round Player,904,50.25013896609227,50.25013896609227,レッドランカー,
0F38B85D-2B6F-490D-A326-243C2A229F8A.jpeg,OK,3,0.067961,0.689320,0.242718,100.689,68.932,43.750,63.896,BBB,Fast Type,1562,86.8260144524736,86.8260144524736,ブルーランカー,
0FA84A49-D704-4D14-82F4-9B6D752A7D96.jpeg,OK,3,0.068627,0.833333,0.098039,100.833,83.333,82.353,83.137,SS+,Amazing Specialist,157,8.727070594774874,8.727070594774874,ゴールドランカー,
10_高峯翠_グラフ_=EYE=.PNG,OK,3,0.069652,0.805970,0.124378,100.806,80.597,71.795,78.837,S+,Amazing Specialist,465,25.847693162868264,25.847693162868264,ブロンズランカー,
10_高峯翠_グラフ_Ai☆$!!.png,OK,3,0.075000,0.765000,0.160000,100.765,76.500,63.830,73.966,AAA,Fast Type,905,50.30572540300167,50.30572540300167,レッドランカー,
10_高峯翠_グラフ_BIGBANG REFLECTION!!.png,OK,3,0.080000,0.750000,0.170000,100.750,75.000,64.000,72.800,AAA,Fast Type,1005,55.86436909394108,55.86436909394108,レッドランカー,
10_高峯翠_グラフ_CIVIL WAR.PNG,OK,3,0.035000,0.825000,0.140000,100.825,82.500,40.000,74.000,AAA+,Amazing Specialist,902,50.138966092273485,50.138966092273485,レッドランカー,
10_高峯翠_グラフ_Dear World(3DMV).PNG,OK,3,0.045000,0.835000,0.120000,100.835,83.500,54.545,77.709,S,Amazing Specialist,555,30.85047248471373,30.85047248471373,パープルランカー,
10_高峯翠_グラフ_Dear World(ムービー).PNG,OK,3,0.045000,0.845000,0.110000,100.845,84.500,58.065,79.213,S+,Amazing Specialist,427,23.73540856031128,23.73540856031128,ブロンズランカー,
10_高峯翠_グラフ_Deep into you.PNG,OK,3,0.069767,0.843023,0.087209,100.843,84.302,88.889,85.220,SSS,Precision Master,76,4.224569205113952,4.224569205113952,プラチナランカー,
10_高峯翠_グラフ_Fight Is Only Fate.png,OK,3,0.085000,0.780000,0.135000,100.780,78.000,77.273,77.855,S,All Round Player,540,30.016675931072818,30.016675931072818,パープルランカー,
10_高峯翠_グラフ_FORBIDDEN RAIN.png,OK,3,0.080000,0.745000,0.175000,100.745,74.500,62.745,72.149,AAA,Fast Type,1055,58.64369093941079,58.64369093941079,レッドランカー,
10_高峯翠_グラフ_Graceful Punishment.PNG,OK,3,0.097701,0.770115,0.132184,100.770,77.011,85.000,78.609,S+,All Round Player,478,26.570316842690385,26.570316842690385,ブロンズランカー,
10_高峯翠_グラフ_It's k(not) lov.PNG,OK,3,0.104046,0.774566,0.121387,100.775,77.457,92.308,80.427,SS,Balanced Player,334,18.565869927737634,18.565869927737634,シルバーランカー,
10_高峯翠_グラフ_Joyful×box.PNG,OK,3,0.023256,0.784884,0.191860,100.785,78.488,21.622,67.115,A+,Fast Type,1408,78.26570316842691,78.26570316842691,グリーンランカー,
10_高峯翠_グラフ_LOUDEST BUGS.png,OK,3,0.090000,0.815000,0.095000,100.815,81.500,97.297,84.659,SSS,Precision Master,94,5.225125069483046,5.225125069483046,プラチナランカー,
10_高峯翠_グラフ_Rainbow Stairway.png,OK,3,0.150000,0.825000,0.025000,100.825,82.500,28.571,71.714,AA+,Amazing Specialist,1092,60.70038910505836,60.70038910505836,オレンジランカー,
10_高峯翠_グラフ_Stranger's Sun.PNG,OK,3,0.070352,0.758794,0.170854,100.759,75.879,58.333,72.370,AAA,Fast Type,1038,57.69872151195108,57.69872151195108,レッドランカー,
10_高峯翠_グラフ_The・プリティカルパレード♪.PNG,OK,3,0.080000,0.835000,0.085000,100.835,83.500,96.970,86.194,SSS+,Precision Master,44,2.445803224013341,2.445803224013341,レインボーランカー,
10_高峯翠_グラフ_Unbalanced Triangle.PNG,OK,3,0.065000,0.770000,0.165000,100.770,77.000,56.522,72.904,AAA,Fast Type,999,55.530850472484715,55.530850472484715,レッドランカー,
10_高峯翠_グラフ_きたさいたま2000.PNG,OK,3,0.057471,0.764368,0.178161,100.764,76.437,48.780,70.906,AA+,Fast Type,1157,64.31350750416898,64.31350750416898,オレンジランカー,
10_高峯翠_グラフ_それは残像の消失店.png,OK,3,0.050000,0.760000,0.190000,100.760,76.000,41.667,69.133,AA,Fast Type,1297,72.09560867148416,72.09560867148416,グリーンランカー,
10_高峯翠_グラフ_らびゅ&ピース伝説.PNG,OK,3,0.063584,0.757225,0.179191,100.757,75.723,52.381,71.054,AA+,Fast Type,1146,63.70205669816564,63.70205669816564,オレンジランカー,
10_高峯翠_グラフ_ゴーゴー・キッチン.PNG,OK,3,0.040462,0.797688,0.161850,100.798,79.769,40.000,71.815,AA+,Fast Type,1087,60.422456920511394,60.422456920511394,オレンジランカー,
10_高峯翠_グラフ_サヨナラ・ヘヴン.png,OK,3,0.120000,0.760000,0.120000,100.760,76.000,100.000,80.800,SS,Balanced Player,310,17.231795441912173,17.231795441912173,シルバーランカー,
10_高峯翠_グラフ_スキスキハンター♡(3DMV).PNG,OK,3,0.121387,0.809249,0.069364,100.809,80.925,72.727,79.285,S+,Amazing Specialist,423,23.513062812673706,23.513062812673706,ブロンズランカー,
10_高峯翠_グラフ_スキスキハンター♡(ムービー).PNG,OK,3,0.075145,0.780347,0.144509,100.780,78.035,68.421,76.112,S,Fast Type,710,39.46637020566982,39.46637020566982,パープルランカー,
10_高峯翠_グラフ_セイクリッド ルイン.PNG,OK,3,0.028902,0.751445,0.219653,100.751,75.145,23.256,64.767,A,Fast Type,1530,85.04724847137298,85.04724847137298,ブルーランカー,
10_高峯翠_グラフ_セツナDrops.PNG,OK,3,0.065000,0.785000,0.150000,100.785,78.500,60.465,74.893,AAA+,Fast Type,820,45.58087826570317,45.58087826570317,パープルランカー,
10_高峯翠_グラフ_プロローグのそのあとへ.png,OK,3,0.060000,0.775000,0.165000,100.775,77.500,53.333,72.667,AAA,Fast Type,1014,56.364647026125624,56.364647026125624,レッドランカー,
10_高峯翠_グラフ_催花雨の片道切符.png,OK,3,0.074627,0.766169,0.159204,100.766,76.617,63.830,74.059,AAA+,Fast Type,895,49.74986103390773,49.74986103390773,パープルランカー,
10_高峯翠_グラフ_僕のウィーク・ポイント.PNG,OK,3,0.052023,0.849711,0.098266,100.850,84.971,69.231,81.823,SS,Amazing Specialist,233,12.951639799888829,12.951639799888829,シルバーランカー,
10_高峯翠_グラフ_僕の気持ちを描く.png,OK,3,0.065000,0.805000,0.130000,100.805,80.500,66.667,77.733,S,Amazing Specialist,552,30.68371317398555,30.68371317398555,パープルランカー,
10_高峯翠_グラフ_朧.png,OK,3,0.055000,0.805000,0.140000,100.805,80.500,56.410,75.682,AAA+,Amazing Specialist,749,41.63424124513619,41.63424124513619,パープルランカー,
10_高峯翠_グラフ_熱血☆流星忍法帖.PNG,OK,3,0.093023,0.796512,0.110465,100.797,79.651,91.429,82.007,SS+,Balanced Player,224,12.45136186770428,12.45136186770428,シルバーランカー,
10_高峯翠_グラフ_瞬きSign☆.PNG,OK,3,0.090000,0.825000,0.085000,100.825,82.500,97.143,85.429,SSS,Precision Master,72,4.002223457476376,4.002223457476376,プラチナランカー,
10_高峯翠_グラフ_終わらないシンフォニア.PNG,OK,3,0.046512,0.761628,0.191860,100.762,76.163,39.024,68.735,AA,Fast Type,1323,73.54085603112841,73.54085603112841,グリーンランカー,
11_仙石忍_グラフ_Ai☆$!!.png,OK,3,0.070000,0.790000,0.140000,100.790,79.000,66.667,76.533,S,Fast Type,671,37.29849916620345,37.29849916620345,パープルランカー,
11_仙石忍_グラフ_BIGBANG REFLECTION!!.png,OK,3,0.150000,0.750000,0.100000,100.750,75.000,80.000,76.000,S,All Round Player,721,40.07782101167315,40.07782101167315,パープルランカー,
11_仙石忍_グラフ_CIVIL WAR.PNG,OK,3,0.034826,0.855721,0.109453,100.856,85.572,48.276,78.113,S+,Amazing Specialist,517,28.73818788215675,28.73818788215675,ブロンズランカー,
11_仙石忍_グラフ_Dear World(3DMV).PNG,OK,3,0.050000,0.870000,0.080000,100.870,87.000,76.923,84.985,SSS,Amazing Specialist,83,4.613674263479711,4.613674263479711,プラチナランカー,
11_仙石忍_グラフ_Dear World(ムービー).PNG,OK,3,0.070352,0.834171,0.095477,100.834,83.417,84.848,83.703,SS+,Amazing Specialist,137,7.615341856586992,7.615341856586992,ゴールドランカー,
11_仙石忍_グラフ_Deep into you.PNG,OK,3,0.086705,0.838150,0.075145,100.838,83.815,92.857,85.623,SSS,Precision Master,60,3.3351862145636466,3.3351862145636466,プラチナランカー,
11_仙石忍_グラフ_Fight Is Only Fate.png,OK,3,0.085000,0.765000,0.150000,100.765,76.500,72.340,75.668,AAA+,All Round Player,754,41.91217342968316,41.91217342968316,パープルランカー,
11_仙石忍_グラフ_FORBIDDEN RAIN.png,OK,3,0.095000,0.770000,0.135000,100.770,77.000,82.609,78.122,S+,All Round Player,515,28.627015008337963,28.627015008337963,ブロンズランカー,
11_仙石忍_グラフ_Graceful Punishment.PNG,OK,3,0.081395,0.773256,0.145349,100.773,77.326,71.795,76.219,S,All Round Player,702,39.02167871039467,39.02167871039467,パープルランカー,
11_仙石忍_グラフ_It's k(not) lov.PNG,OK,3,0.109827,0.786127,0.104046,100.786,78.613,97.297,82.350,SS+,Balanced Player,199,11.061700944969427,11.061700944969427,シルバーランカー,
11_仙石忍_グラフ_Joyful×box.PNG,OK,3,0.023121,0.763006,0.213873,100.763,76.301,19.512,64.943,A,Fast Type,1525,84.76931628682601,84.76931628682601,ブルーランカー,
11_仙石忍_グラフ_Rainbow Stairway.png,OK,3,0.100000,0.825000,0.075000,100.825,82.500,85.714,83.143,SS+,Amazing Specialist,156,8.67148415786548,8.67148415786548,ゴールドランカー,
11_仙石忍_グラフ_Stranger's Sun.PNG,OK,3,0.100000,0.795000,0.105000,100.795,79.500,97.561,83.112,SS+,Balanced Player,159,8.838243468593664,8.838243468593664,ゴールドランカー,
11_仙石忍_グラフ_Unbalanced Triangle.PNG,OK,3,0.100503,0.804020,0.095477,100.804,80.402,97.436,83.809,SS+,Precision Master,131,7.281823235130629,7.281823235130629,ゴールドランカー,
11_仙石忍_グラフ_きたさいたま2000.PNG,OK,3,0.063584,0.797688,0.138728,100.798,79.769,62.857,76.386,S,Fast Type,685,38.076709282934964,38.076709282934964,パープルランカー,
11_仙石忍_グラフ_それは残像の消失店.png,OK,3,0.100000,0.770000,0.130000,100.770,77.000,86.957,78.991,S+,All Round Player,448,24.90272373540856,24.90272373540856,ブロンズランカー,
11_仙石忍_グラフ_らびゅ&ピース伝説.PNG,OK,3,0.086705,0.768786,0.144509,100.769,76.879,75.000,76.503,S,All Round Player,675,37.520844913841024,37.520844913841024,パープルランカー,
11_仙石忍_グラフ_ゴーゴー・キッチン.PNG,OK,3,0.028902,0.809249,0.161850,100.809,80.925,30.303,70.800,AA+,Amazing Specialist,1168,64.92495831017231,64.92495831017231,オレンジランカー,
11_仙石忍_グラフ_サヨナラ・ヘヴン.png,OK,3,0.119403,0.771144,0.109453,100.771,77.114,95.652,80.822,SS,Balanced Player,308,17.120622568093385,17.120622568093385,シルバーランカー,
11_仙石忍_グラフ_スキスキハンター♡(3DMV).PNG,OK,3,0.069767,0.790698,0.139535,100.791,79.070,66.667,76.589,S,Fast Type,668,37.13173985547527,37.13173985547527,パープルランカー,
11_仙石忍_グラフ_スキスキハンター♡(ムービー).PNG,OK,3,0.051724,0.781609,0.166667,100.782,78.161,47.368,72.002,AAA,Fast Type,1069,59.4219010561423,59.4219010561423,レッドランカー,
11_仙石忍_グラフ_セイクリッド ルイン.PNG,OK,3,0.017241,0.712644,0.270115,100.713,71.264,12.000,59.411,B,Fast Type,1683,93.55197331851028,93.55197331851028,ホワイトランカー,
11_仙石忍_グラフ_プロローグのそのあとへ.png,OK,3,0.055276,0.814070,0.130653,100.814,81.407,59.459,77.018,S,Amazing Specialist,623,34.63035019455253,34.63035019455253,パープルランカー,
11_仙石忍_グラフ_催花雨の片道切符.png,OK,3,0.065000,0.775000,0.160000,100.775,77.500,57.778,73.556,AAA,Fast Type,944,52.47359644246804,52.47359644246804,レッドランカー,
11_仙石忍_グラフ_僕のウィーク・ポイント.PNG,OK,3,0.092486,0.838150,0.069364,100.838,83.815,85.714,84.195,SSS,Amazing Specialist,108,6.003335186214564,6.003335186214564,プラチナランカー,
11_仙石忍_グラフ_僕の気持ちを描く.png,OK,3,0.025126,0.798995,0.175879,100.799,79.899,25.000,68.920,AA,Fast Type,1309,72.76264591439688,72.76264591439688,グリーンランカー,
11_仙石忍_グラフ_朧.png,OK,3,0.080000,0.730000,0.190000,100.730,73.000,59.259,70.252,AA+,Fast Type,1207,67.09282934963868,67.09282934963868,オレンジランカー,
11_仙石忍_グラフ_熱血☆流星忍法帖.PNG,OK,3,0.098837,0.813953,0.087209,100.814,81.395,93.750,83.866,SS+,Precision Master,130,7.226236798221233,7.226236798221233,ゴールドランカー,
11_仙石忍_グラフ_瞬きSign☆.PNG,OK,3,0.095000,0.835000,0.070000,100.835,83.500,84.848,83.770,SS+,Amazing Specialist,132,7.337409672040023,7.337409672040023,ゴールドランカー,
11_仙石忍_グラフ_終わらないシンフォニア.PNG,OK,3,0.075145,0.803468,0.121387,100.803,80.347,76.471,79.572,S+,Amazing Specialist,400,22.234574763757642,22.234574763757642,ブロンズランカー,
126F9C3D-3A41-4D02-8531-B43B92EBE384.jpg,OK,3,0.136364,0.670455,0.193182,100.670,67.045,82.759,70.188,AA+,All Round Player,1215,67.53752084491384,67.53752084491384,オレンジランカー,
129219FD-3233-4E5C-82B8-B01F88801237.jpeg,OK,3,0.131034,0.772414,0.096552,100.772,77.241,84.848,78.763,S+,All Round Player,467,25.958866036687052,25.958866036687052,ブロンズランカー,
12_守沢千秋_グラフ_=EYE=.PNG,OK,3,0.050000,0.775000,0.175000,100.775,77.500,44.444,70.889,AA+,Fast Type,1160,64.48026681489716,64.48026681489716,オレンジランカー,
12_守沢千秋_グラフ_Ai☆$!!.png,OK,3,0.110000,0.765000,0.125000,100.765,76.500,93.617,79.923,S+,Balanced Player,375,20.84491384102279,20.84491384102279,ブロンズランカー,
12_守沢千秋_グラフ_BIGBANG REFLECTION!!.png,OK,3,0.060302,0.733668,0.206030,100.734,73.367,45.283,67.750,A+,Fast Type,1373,76.32017787659811,76.32017787659811,グリーンランカー,
12_守沢千秋_グラフ_CIVIL WAR.PNG,OK,3,0.035000,0.870000,0.095000,100.870,87.000,53.846,80.369,SS,Amazing Specialist,341,18.95497498610339,18.95497498610339,シルバーランカー,
12_守沢千秋_グラフ_Dear World(3DMV).PNG,OK,3,0.069652,0.865672,0.064677,100.866,86.567,96.296,88.513,SSS+,Precision Master,9,0.500277932184547,0.500277932184547,レインボーランカー,
12_守沢千秋_グラフ_Dear World(ムービー).PNG,OK,3,0.030000,0.850000,0.120000,100.850,85.000,40.000,76.000,S,Amazing Specialist,722,40.133407448582545,40.133407448582545,パープルランカー,
12_守沢千秋_グラフ_Deep into you.PNG,OK,3,0.040462,0.838150,0.121387,100.838,83.815,50.000,77.052,S,Amazing Specialist,618,34.35241801000556,34.35241801000556,パープルランカー,
12_守沢千秋_グラフ_Fight Is Only Fate.png,OK,3,0.065000,0.760000,0.175000,100.760,76.000,54.167,71.633,AA+,Fast Type,1099,61.08949416342413,61.08949416342413,オレンジランカー,
12_守沢千秋_グラフ_FORBIDDEN RAIN.png,OK,3,0.075377,0.748744,0.175879,100.749,74.874,60.000,71.899,AA+,Fast Type,1082,60.144524735964424,60.144524735964424,オレンジランカー,
12_守沢千秋_グラフ_Graceful Punishment.PNG,OK,3,0.069364,0.786127,0.144509,100.786,78.613,64.865,75.863,AAA+,Fast Type,743,41.30072262367982,41.30072262367982,パープルランカー,
12_守沢千秋_グラフ_It's k(not) lov.PNG,OK,3,0.075581,0.732558,0.191860,100.733,73.256,56.522,69.909,AA,Fast Type,1240,68.92718176764869,68.92718176764869,オレンジランカー,
12_守沢千秋_グラフ_Joyful×box.PNG,OK,3,0.017241,0.689655,0.293103,100.690,68.966,11.111,57.395,CCC,Fast Type,1725,95.88660366870484,95.88660366870484,ホワイトランカー,
12_守沢千秋_グラフ_LOUDEST BUGS.png,OK,3,0.045000,0.810000,0.145000,100.810,81.000,47.368,74.274,AAA+,Amazing Specialist,884,49.13841022790439,49.13841022790439,パープルランカー,
12_守沢千秋_グラフ_Rainbow Stairway.png,OK,3,0.035176,0.758794,0.206030,100.759,75.879,29.167,66.537,A+,Fast Type,1443,80.2112284602557,80.2112284602557,ブルーランカー,
12_守沢千秋_グラフ_Stranger's Sun.PNG,OK,3,0.110000,0.795000,0.095000,100.795,79.500,92.683,82.137,SS+,Balanced Player,215,11.951083935519733,11.951083935519733,シルバーランカー,
12_守沢千秋_グラフ_The・プリティカルパレード♪.PNG,OK,3,0.055000,0.820000,0.125000,100.820,82.000,61.111,77.822,S,Amazing Specialist,544,30.239021678710394,30.239021678710394,パープルランカー,
12_守沢千秋_グラフ_Unbalanced Triangle.PNG,OK,3,0.060000,0.840000,0.100000,100.840,84.000,75.000,82.200,SS+,Amazing Specialist,212,11.78432462479155,11.78432462479155,シルバーランカー,
12_守沢千秋_グラフ_きたさいたま2000.PNG,OK,3,0.080925,0.791908,0.127168,100.792,79.191,77.778,78.908,S+,All Round Player,458,25.4585881045025,25.4585881045025,ブロンズランカー,
12_守沢千秋_グラフ_それは残像の消失店.png,OK,3,0.054726,0.766169,0.179104,100.766,76.617,46.809,70.655,AA+,Fast Type,1180,65.59199555308504,65.59199555308504,オレンジランカー,
12_守沢千秋_グラフ_らびゅ&ピース伝説.PNG,OK,3,0.075581,0.779070,0.145349,100.779,77.907,68.421,76.010,S,Fast Type,720,40.02223457476376,40.02223457476376,パープルランカー,
12_守沢千秋_グラフ_ゴーゴー・キッチン.PNG,OK,3,0.046243,0.832370,0.121387,100.832,83.237,55.172,77.624,S,Amazing Specialist,567,31.517509727626457,31.517509727626457,パープルランカー,
12_守沢千秋_グラフ_サヨナラ・ヘヴン.png,OK,3,0.110000,0.785000,0.105000,100.785,78.500,97.674,82.335,SS+,Balanced Player,201,11.172873818788217,11.172873818788217,シルバーランカー,
12_守沢千秋_グラフ_スキスキハンター♡(3DMV).PNG,OK,3,0.052023,0.820809,0.127168,100.821,82.081,58.065,77.278,S,Amazing Specialist,602,33.46303501945525,33.46303501945525,パープルランカー,
12_守沢千秋_グラフ_スキスキハンター♡(ムービー).PNG,OK,3,0.075145,0.786127,0.138728,100.786,78.613,70.270,76.944,S,Fast Type,633,35.18621456364647,35.18621456364647,パープルランカー,
12_守沢千秋_グラフ_セイクリッド ルイン.PNG,OK,3,0.034682,0.763006,0.202312,100.763,76.301,29.268,66.894,A+,Fast Type,1418,78.82156753752085,78.82156753752085,グリーンランカー,
12_守沢千秋_グラフ_セツナDrops.PNG,OK,3,0.040000,0.655000,0.305000,100.655,65.500,23.188,57.038,CCC,Fast Type,1733,96.33129516397999,96.33129516397999,ホワイトランカー,
12_守沢千秋_グラフ_催花雨の片道切符.png,OK,3,0.070000,0.775000,0.155000,100.775,77.500,62.222,74.444,AAA+,Fast Type,872,48.47137298499166,48.47137298499166,パープルランカー,
12_守沢千秋_グラフ_僕のウィーク・ポイント.PNG,OK,3,0.034682,0.849711,0.115607,100.850,84.971,46.154,77.208,S,Amazing Specialist,607,33.740967204002224,33.740967204002224,パープルランカー,
12_守沢千秋_グラフ_僕の気持ちを描く.png,OK,3,0.080402,0.849246,0.070352,100.849,84.925,93.333,86.606,SSS+,Precision Master,35,1.9455252918287937,1.9455252918287937,レインボーランカー,
12_守沢千秋_グラフ_朧.png,OK,3,0.119403,0.805970,0.074627,100.806,80.597,76.923,79.862,S+,Amazing Specialist,381,21.178432462479154,21.178432462479154,ブロンズランカー,
12_守沢千秋_グラフ_熱血☆流星忍法帖.PNG,OK,3,0.080925,0.786127,0.132948,100.786,78.613,75.676,78.025,S+,All Round Player,527,29.294052251250697,29.294052251250697,ブロンズランカー,
12_守沢千秋_グラフ_瞬きSign☆.PNG,OK,3,0.085000,0.815000,0.100000,100.815,81.500,91.892,83.578,SS+,Precision Master,139,7.726514730405781,7.726514730405781,ゴールドランカー,
12_守沢千秋_グラフ_終わらないシンフォニア.PNG,OK,3,0.017341,0.705202,0.277457,100.705,70.520,11.765,58.769,B,Fast Type,1701,94.55252918287937,94.55252918287937,ホワイトランカー,
1394B093-6A66-4108-9115-BAE18545AD05.jpeg,OK,3,0.056497,0.802260,0.141243,100.802,80.226,57.143,75.609,AAA+,Amazing Specialist,759,42.19010561423013,42.19010561423013,パープルランカー,
13_深海奏汰_グラフ_Ai☆$!!.png,OK,3,0.065000,0.750000,0.185000,100.750,75.000,52.000,70.400,AA+,Fast Type,1201,66.75931072818231,66.75931072818231,オレンジランカー,
13_深海奏汰_グラフ_BIGBANG REFLECTION!!.png,OK,3,0.080000,0.755000,0.165000,100.755,75.500,65.306,73.461,AAA,Fast Type,951,52.8627015008338,52.8627015008338,レッドランカー,
13_深海奏汰_グラフ_CIVIL WAR.PNG,OK,3,0.055000,0.850000,0.095000,100.850,85.000,73.333,82.667,SS+,Amazing Specialist,182,10.116731517509727,10.116731517509727,シルバーランカー,
13_深海奏汰_グラフ_Dear World(3DMV).PNG,OK,3,0.050251,0.884422,0.065327,100.884,88.442,86.957,88.145,SSS+,Amazing Specialist,11,0.6114508060033352,0.6114508060033352,レインボーランカー,
13_深海奏汰_グラフ_Dear World(ムービー).PNG,OK,3,0.070000,0.840000,0.090000,100.840,84.000,87.500,84.700,SSS,Precision Master,93,5.169538632573651,5.169538632573651,プラチナランカー,
13_深海奏汰_グラフ_Deep into you.PNG,OK,3,0.092486,0.826590,0.080925,100.827,82.659,93.333,84.794,SSS,Precision Master,91,5.058365758754864,5.058365758754864,プラチナランカー,
13_深海奏汰_グラフ_FORBIDDEN RAIN.png,OK,3,0.125000,0.755000,0.120000,100.755,75.500,97.959,79.992,S+,Balanced Player,371,20.622568093385212,20.622568093385212,ブロンズランカー,
13_深海奏汰_グラフ_Graceful Punishment.PNG,OK,3,0.057803,0.768786,0.173410,100.769,76.879,50.000,71.503,AA+,Fast Type,1108,61.58977209560867,61.58977209560867,オレンジランカー,
13_深海奏汰_グラフ_It's k(not) lov.PNG,OK,3,0.086207,0.798851,0.114943,100.799,79.885,85.714,81.051,SS,All Round Player,289,16.064480266814897,16.064480266814897,シルバーランカー,
13_深海奏汰_グラフ_LOUDEST BUGS.png,OK,3,0.045226,0.804020,0.150754,100.804,80.402,46.154,73.552,AAA,Amazing Specialist,945,52.52918287937744,52.52918287937744,レッドランカー,
13_深海奏汰_グラフ_Rainbow Stairway.png,OK,3,0.105528,0.819095,0.075377,100.819,81.910,83.333,82.194,SS+,Amazing Specialist,213,11.839911061700944,11.839911061700944,シルバーランカー,
13_深海奏汰_グラフ_Stranger's Sun.PNG,OK,3,0.105000,0.800000,0.095000,100.800,80.000,95.000,83.000,SS+,Precision Master,167,9.282934963868817,9.282934963868817,ゴールドランカー,
13_深海奏汰_グラフ_The・プリティカルパレード♪.PNG,OK,3,0.045000,0.840000,0.115000,100.840,84.000,56.250,78.450,S+,Amazing Specialist,489,27.181767648693718,27.181767648693718,ブロンズランカー,
13_深海奏汰_グラフ_Unbalanced Triangle.PNG,OK,3,0.095000,0.805000,0.100000,100.805,80.500,97.436,83.887,SS+,Precision Master,128,7.115063924402445,7.115063924402445,ゴールドランカー,
13_深海奏汰_グラフ_きたさいたま2000.PNG,OK,3,0.075145,0.809249,0.115607,100.809,80.925,78.788,80.497,SS,Amazing Specialist,329,18.28793774319066,18.28793774319066,シルバーランカー,
13_深海奏汰_グラフ_らびゅ&ピース伝説.PNG,OK,3,0.104046,0.803468,0.092486,100.803,80.347,94.118,83.101,SS+,Precision Master,160,8.893829905503058,8.893829905503058,ゴールドランカー,
13_深海奏汰_グラフ_ゴーゴー・キッチン.PNG,OK,3,0.046243,0.838150,0.115607,100.838,83.815,57.143,78.481,S+,Amazing Specialist,486,27.015008337965536,27.015008337965536,ブロンズランカー,
13_深海奏汰_グラフ_サヨナラ・ヘヴン.png,OK,3,0.130000,0.730000,0.140000,100.730,73.000,96.296,77.659,S,Balanced Player,562,31.239577543079488,31.239577543079488,パープルランカー,
13_深海奏汰_グラフ_スキスキハンター♡(3DMV).PNG,OK,3,0.092486,0.809249,0.098266,100.809,80.925,96.970,84.134,SSS,Precision Master,110,6.1145080600333515,6.1145080600333515,プラチナランカー,
13_深海奏汰_グラフ_スキスキハンター♡(ムービー).PNG,OK,3,0.087209,0.808140,0.104651,100.808,80.814,90.909,82.833,SS+,Precision Master,174,9.672040022234576,9.672040022234576,ゴールドランカー,
13_深海奏汰_グラフ_セイクリッド ルイン.PNG,OK,3,0.052326,0.831395,0.116279,100.831,83.140,62.069,78.925,S+,Amazing Specialist,456,25.347415230683712,25.347415230683712,ブロンズランカー,
13_深海奏汰_グラフ_セツナDrops.PNG,OK,3,0.045226,0.693467,0.261307,100.693,69.347,29.508,61.379,BB,Fast Type,1638,91.05058365758755,91.05058365758755,ホワイトランカー,
13_深海奏汰_グラフ_プロローグのそのあとへ.png,OK,3,0.075000,0.805000,0.120000,100.805,80.500,76.923,79.785,S+,Amazing Specialist,385,21.40077821011673,21.40077821011673,ブロンズランカー,
13_深海奏汰_グラフ_催花雨の片道切符.png,OK,3,0.080000,0.760000,0.160000,100.760,76.000,66.667,74.133,AAA+,Fast Type,891,49.52751528627015,49.52751528627015,パープルランカー,
13_深海奏汰_グラフ_僕のウィーク・ポイント.PNG,OK,3,0.063584,0.861272,0.075145,100.861,86.127,91.667,87.235,SSS+,Precision Master,21,1.1673151750972763,1.1673151750972763,レインボーランカー,
13_深海奏汰_グラフ_僕の気持ちを描く.png,OK,3,0.075000,0.775000,0.150000,100.775,77.500,66.667,75.333,AAA+,Fast Type,780,43.357420789327406,43.357420789327406,パープルランカー,
13_深海奏汰_グラフ_朧.png,OK,3,0.125000,0.800000,0.075000,100.800,80.000,75.000,79.000,S+,Amazing Specialist,447,24.847137298499167,24.847137298499167,ブロンズランカー,
13_深海奏汰_グラフ_熱血☆流星忍法帖.PNG,OK,3,0.087209,0.697674,0.215116,100.698,69.767,57.692,67.352,A+,Fast Type,1397,77.65425236242358,77.65425236242358,グリーンランカー,
13_深海奏汰_グラフ_瞬きSign☆.PNG,OK,3,0.075377,0.839196,0.085427,100.839,83.920,93.750,85.886,SSS,Precision Master,52,2.8904947192884936,2.8904947192884936,レインボーランカー,
13_深海奏汰_グラフ_終わらないシンフォニア.PNG,OK,3,0.028902,0.745665,0.225434,100.746,74.566,22.727,64.199,A,Fast Type,1551,86.21456364647027,86.21456364647027,ブルーランカー,
13F46519-7119-436A-830C-854DD8F5D50A.jpeg,OK,3,0.029412,0.774510,0.196078,100.775,77.451,26.087,67.178,A+,Fast Type,1404,78.04335742078933,78.04335742078933,グリーンランカー,
14_天城一彩_グラフ_=EYE=.PNG,OK,3,0.055000,0.795000,0.150000,100.795,79.500,53.659,74.332,AAA+,Fast Type,879,48.86047804335742,48.86047804335742,パープルランカー,
14_天城一彩_グラフ_Ai☆$!!.png,OK,3,0.064677,0.756219,0.179104,100.756,75.622,53.061,71.110,AA+,Fast Type,1140,63.36853807670928,63.36853807670928,オレンジランカー,
14_天城一彩_グラフ_BIGBANG REFLECTION!!.png,OK,3,0.075000,0.770000,0.155000,100.770,77.000,65.217,74.643,AAA+,Fast Type,853,47.41523068371317,47.41523068371317,パープルランカー,
14_天城一彩_グラフ_CIVIL WAR.PNG,OK,3,0.035000,0.850000,0.115000,100.850,85.000,46.667,77.333,S,Amazing Specialist,599,33.296275708727066,33.296275708727066,パープルランカー,
14_天城一彩_グラフ_Dear World(3DMV).PNG,OK,3,0.090000,0.865000,0.045000,100.865,86.500,66.667,82.533,SS+,Amazing Specialist,189,10.505836575875486,10.505836575875486,シルバーランカー,
14_天城一彩_グラフ_Dear World(ムービー).PNG,OK,3,0.055276,0.884422,0.060302,100.884,88.442,95.652,89.884,SSS+,Precision Master,4,0.22234574763757642,0.22234574763757642,レインボーランカー,
14_天城一彩_グラフ_Deep into you.PNG,OK,3,0.023121,0.797688,0.179191,100.798,79.769,22.857,68.386,AA,Fast Type,1342,74.5969983324069,74.5969983324069,グリーンランカー,
14_天城一彩_グラフ_Fight Is Only Fate.png,OK,3,0.130000,0.745000,0.125000,100.745,74.500,98.039,79.208,S+,Balanced Player,429,23.846581434130073,23.846581434130073,ブロンズランカー,
14_天城一彩_グラフ_FORBIDDEN RAIN.png,OK,3,0.065000,0.790000,0.145000,100.790,79.000,61.905,75.581,AAA+,Fast Type,761,42.301278488048915,42.301278488048915,パープルランカー,
14_天城一彩_グラフ_Graceful Punishment.PNG,OK,3,0.074713,0.747126,0.178161,100.747,74.713,59.091,71.588,AA+,Fast Type,1102,61.25625347415231,61.25625347415231,オレンジランカー,
14_天城一彩_グラフ_It's k(not) lov.PNG,OK,3,0.098266,0.780347,0.121387,100.780,78.035,89.474,80.322,SS,Balanced Player,345,19.17732073374097,19.17732073374097,シルバーランカー,
14_天城一彩_グラフ_Joyful×box.PNG,OK,3,0.023256,0.709302,0.267442,100.709,70.930,16.000,59.944,B,Fast Type,1666,92.60700389105058,92.60700389105058,ホワイトランカー,
14_天城一彩_グラフ_LOUDEST BUGS.png,OK,3,0.089552,0.825871,0.084577,100.826,82.587,97.143,85.498,SSS,Precision Master,69,3.8354641467481936,3.8354641467481936,プラチナランカー,
14_天城一彩_グラフ_Rainbow Stairway.png,OK,3,0.019900,0.686567,0.293532,100.687,68.657,12.698,57.465,CCC,Fast Type,1722,95.71984435797665,95.71984435797665,ホワイトランカー,
14_天城一彩_グラフ_Stranger's Sun.PNG,OK,3,0.115578,0.773869,0.110553,100.774,77.387,97.778,81.465,SS,Balanced Player,258,14.341300722623679,14.341300722623679,シルバーランカー,
14_天城一彩_グラフ_The・プリティカルパレード♪.PNG,OK,3,0.080000,0.840000,0.080000,100.840,84.000,100.000,87.200,SSS+,Precision Master,22,1.2229016120066705,1.2229016120066705,レインボーランカー,
14_天城一彩_グラフ_Unbalanced Triangle.PNG,OK,3,0.090000,0.775000,0.135000,100.775,77.500,80.000,78.000,S+,All Round Player,528,29.34963868816009,29.34963868816009,ブロンズランカー,
14_天城一彩_グラフ_きたさいたま2000.PNG,OK,3,0.063218,0.775862,0.160920,100.776,77.586,56.410,73.351,AAA,Fast Type,962,53.474152306837134,53.474152306837134,レッドランカー,
14_天城一彩_グラフ_それは残像の消失店.png,OK,3,0.055000,0.745000,0.200000,100.745,74.500,43.137,68.227,AA,Fast Type,1352,75.15286270150084,75.15286270150084,グリーンランカー,
14_天城一彩_グラフ_らびゅ&ピース伝説.PNG,OK,3,0.092486,0.791908,0.115607,100.792,79.191,88.889,81.130,SS,Balanced Player,285,15.84213451917732,15.84213451917732,シルバーランカー,
14_天城一彩_グラフ_ゴーゴー・キッチン.PNG,OK,3,0.057803,0.838150,0.104046,100.838,83.815,71.429,81.338,SS,Amazing Specialist,270,15.008337965536409,15.008337965536409,シルバーランカー,
14_天城一彩_グラフ_サヨナラ・ヘヴン.png,OK,3,0.135000,0.745000,0.120000,100.745,74.500,94.118,78.424,S+,Balanced Player,493,27.404113396331297,27.404113396331297,ブロンズランカー,
14_天城一彩_グラフ_スキスキハンター♡(3DMV).PNG,OK,3,0.104046,0.815029,0.080925,100.815,81.503,87.500,82.702,SS+,Precision Master,179,9.949972206781545,9.949972206781545,ゴールドランカー,
14_天城一彩_グラフ_スキスキハンター♡(ムービー).PNG,OK,3,0.063584,0.763006,0.173410,100.763,76.301,53.659,71.772,AA+,Fast Type,1089,60.53362979433018,60.53362979433018,オレンジランカー,
14_天城一彩_グラフ_セツナDrops.PNG,OK,3,0.055000,0.770000,0.175000,100.770,77.000,47.826,71.165,AA+,Fast Type,1135,63.09060589216231,63.09060589216231,オレンジランカー,
14_天城一彩_グラフ_プロローグのそのあとへ.png,OK,3,0.095000,0.825000,0.080000,100.825,82.500,91.429,84.286,SSS,Precision Master,103,5.725403001667593,5.725403001667593,プラチナランカー,
14_天城一彩_グラフ_催花雨の片道切符.png,OK,3,0.085427,0.798995,0.115578,100.799,79.899,85.000,80.920,SS,All Round Player,299,16.620344635908836,16.620344635908836,シルバーランカー,
14_天城一彩_グラフ_僕のウィーク・ポイント.PNG,OK,3,0.086705,0.849711,0.063584,100.850,84.971,84.615,84.900,SSS,Amazing Specialist,86,4.780433574207893,4.780433574207893,プラチナランカー,
14_天城一彩_グラフ_僕の気持ちを描く.png,OK,3,0.050000,0.780000,0.170000,100.780,78.000,45.455,71.491,AA+,Fast Type,1109,61.64535853251807,61.64535853251807,オレンジランカー,
14_天城一彩_グラフ_朧.png,OK,3,0.100000,0.780000,0.120000,100.780,78.000,90.909,80.582,SS,Balanced Player,321,17.84324624791551,17.84324624791551,シルバーランカー,
14_天城一彩_グラフ_熱血☆流星忍法帖.PNG,OK,3,0.098266,0.763006,0.138728,100.763,76.301,82.927,77.626,S,All Round Player,566,31.461923290717063,31.461923290717063,パープルランカー,
14_天城一彩_グラフ_終わらないシンフォニア.PNG,OK,3,0.063953,0.831395,0.104651,100.831,83.140,75.862,81.684,SS,Amazing Specialist,240,13.340744858254586,13.340744858254586,シルバーランカー,
14A9C201-7F1F-4C53-AE42-2EB5AFD50EAB.png,OK,3,0.144444,0.661111,0.194444,100.661,66.111,85.246,69.938,AA,All Round Player,1237,68.76042245692051,68.76042245692051,オレンジランカー,
153FF19F-6FBA-4F7B-8AD1-0AAC74E0F897.jpg,OK,3,0.057471,0.666667,0.275862,100.667,66.667,34.483,60.230,BB,Fast Type,1661,92.32907170650361,92.32907170650361,ホワイトランカー,
157A64AE-D848-46A4-95F2-9EFBC685FB6A.jpeg,OK,3,0.151724,0.724138,0.124138,100.724,72.414,90.000,75.931,AAA+,Balanced Player,730,40.5780989438577,40.5780989438577,パープルランカー,
15_白鳥藍良_グラフ_=EYE=.PNG,OK,3,0.060302,0.798995,0.140704,100.799,79.899,60.000,75.920,AAA+,Fast Type,732,40.689271817676484,40.689271817676484,パープルランカー,
15_白鳥藍良_グラフ_Ai☆$!!.png,OK,3,0.120603,0.753769,0.125628,100.754,75.377,97.959,79.893,S+,Balanced Player,378,21.011673151750973,21.011673151750973,ブロンズランカー,
15_白鳥藍良_グラフ_Dear World(3DMV).PNG,OK,3,0.035000,0.865000,0.100000,100.865,86.500,51.852,79.570,S+,Amazing Specialist,402,22.345747637576434,22.345747637576434,ブロンズランカー,
15_白鳥藍良_グラフ_Dear World(ムービー).PNG,OK,3,0.055000,0.875000,0.070000,100.875,87.500,88.000,87.600,SSS+,Precision Master,19,1.056142301278488,1.056142301278488,レインボーランカー,
15_白鳥藍良_グラフ_Deep into you.PNG,OK,3,0.046243,0.849711,0.104046,100.850,84.971,61.538,80.285,SS,Amazing Specialist,347,19.288493607559758,19.288493607559758,シルバーランカー,
15_白鳥藍良_グラフ_Fight Is Only Fate.png,OK,3,0.135000,0.750000,0.115000,100.750,75.000,92.000,78.400,S+,Balanced Player,496,27.57087270705948,27.57087270705948,ブロンズランカー,
15_白鳥藍良_グラフ_FORBIDDEN RAIN.png,OK,3,0.075000,0.705000,0.220000,100.705,70.500,50.847,66.569,A+,Fast Type,1440,80.04446914952752,80.04446914952752,ブルーランカー,
15_白鳥藍良_グラフ_It's k(not) lov.PNG,OK,3,0.150289,0.774566,0.075145,100.775,77.457,66.667,75.299,AAA+,Slow Type,787,43.746525847693164,43.746525847693164,パープルランカー,
15_白鳥藍良_グラフ_Joyful×box.PNG,OK,3,0.023121,0.751445,0.225434,100.751,75.145,18.605,63.837,BBB,Fast Type,1564,86.93718732629239,86.93718732629239,ブルーランカー,
15_白鳥藍良_グラフ_LOUDEST BUGS.png,OK,3,0.080000,0.815000,0.105000,100.815,81.500,86.486,82.497,SS+,Amazing Specialist,192,10.672595886603668,10.672595886603668,シルバーランカー,
15_白鳥藍良_グラフ_Rainbow Stairway.png,OK,3,0.090000,0.810000,0.100000,100.810,81.000,94.737,83.747,SS+,Precision Master,133,7.392996108949417,7.392996108949417,ゴールドランカー,
15_白鳥藍良_グラフ_Stranger's Sun.PNG,OK,3,0.105000,0.805000,0.090000,100.805,80.500,92.308,82.862,SS+,Precision Master,171,9.505280711506392,9.505280711506392,ゴールドランカー,
15_白鳥藍良_グラフ_The・プリティカルパレード♪.PNG,OK,3,0.040000,0.800000,0.160000,100.800,80.000,40.000,72.000,AAA,Amazing Specialist,1070,59.4774874930517,59.4774874930517,レッドランカー,
15_白鳥藍良_グラフ_きたさいたま2000.PNG,OK,3,0.057803,0.791908,0.150289,100.792,79.191,55.556,74.464,AAA+,Fast Type,871,48.41578654808227,48.41578654808227,パープルランカー,
15_白鳥藍良_グラフ_らびゅ&ピース伝説.PNG,OK,3,0.104046,0.780347,0.115607,100.780,78.035,94.737,81.375,SS,Balanced Player,265,14.73040578098944,14.73040578098944,シルバーランカー,
15_白鳥藍良_グラフ_ゴーゴー・キッチン.PNG,OK,3,0.034682,0.815029,0.150289,100.815,81.503,37.500,72.702,AAA,Amazing Specialist,1013,56.30906058921623,56.30906058921623,レッドランカー,
15_白鳥藍良_グラフ_サヨナラ・ヘヴン.png,OK,3,0.110000,0.755000,0.135000,100.755,75.500,89.796,78.359,S+,Balanced Player,500,27.793218454697055,27.793218454697055,ブロンズランカー,
15_白鳥藍良_グラフ_セイクリッド ルイン.PNG,OK,3,0.063953,0.837209,0.098837,100.837,83.721,78.571,82.691,SS+,Amazing Specialist,181,10.061145080600333,10.061145080600333,シルバーランカー,
15_白鳥藍良_グラフ_プロローグのそのあとへ.png,OK,3,0.070352,0.819095,0.110553,100.819,81.910,77.778,81.083,SS,Amazing Specialist,287,15.953307392996107,15.953307392996107,シルバーランカー,
15_白鳥藍良_グラフ_催花雨の片道切符.png,OK,3,0.095000,0.810000,0.095000,100.810,81.000,100.000,84.800,SSS,Precision Master,90,5.00277932184547,5.00277932184547,プラチナランカー,
15_白鳥藍良_グラフ_僕のウィーク・ポイント.PNG,OK,3,0.133721,0.843023,0.023256,100.843,84.302,29.630,73.368,AAA,Amazing Specialist,959,53.30739299610895,53.30739299610895,レッドランカー,
15_白鳥藍良_グラフ_僕の気持ちを描く.png,OK,3,0.075000,0.790000,0.135000,100.790,79.000,71.429,77.486,S,All Round Player,577,32.0733740967204,32.0733740967204,パープルランカー,
15_白鳥藍良_グラフ_朧.png,OK,3,0.105000,0.820000,0.075000,100.820,82.000,83.333,82.267,SS+,Amazing Specialist,207,11.50639244024458,11.50639244024458,シルバーランカー,
15_白鳥藍良_グラフ_熱血☆流星忍法帖.PNG,OK,3,0.057803,0.757225,0.184971,100.757,75.723,47.619,70.102,AA+,Fast Type,1222,67.9266259032796,67.9266259032796,オレンジランカー,
15_白鳥藍良_グラフ_瞬きSign☆.PNG,OK,3,0.110000,0.805000,0.085000,100.805,80.500,87.179,81.836,SS,Precision Master,231,12.840466926070038,12.840466926070038,シルバーランカー,
15_白鳥藍良_グラフ_終わらないシンフォニア.PNG,OK,3,0.034682,0.757225,0.208092,100.757,75.723,28.571,66.292,A+,Fast Type,1452,80.71150639244024,80.71150639244024,ブルーランカー,
16_礼瀬マヨイ_グラフ_=EYE=.PNG,OK,3,0.140000,0.760000,0.100000,100.760,76.000,83.333,77.467,S,All Round Player,580,32.24013340744858,32.24013340744858,パープルランカー,
16_礼瀬マヨイ_グラフ_Ai☆$!!.png,OK,3,0.075377,0.768844,0.155779,100.769,76.884,65.217,74.551,AAA+,Fast Type,863,47.971095052807115,47.971095052807115,パープルランカー,
16_礼瀬マヨイ_グラフ_BIGBANG REFLECTION!!.png,OK,3,0.095477,0.778894,0.125628,100.779,77.889,86.364,79.584,S+,All Round Player,398,22.123401889938854,22.123401889938854,ブロンズランカー,
16_礼瀬マヨイ_グラフ_CIVIL WAR.PNG,OK,3,0.040000,0.855000,0.105000,100.855,85.500,55.172,79.434,S+,Amazing Specialist,415,23.068371317398555,23.068371317398555,ブロンズランカー,
16_礼瀬マヨイ_グラフ_Dear World(3DMV).PNG,OK,3,0.025000,0.820000,0.155000,100.820,82.000,27.778,71.156,AA+,Amazing Specialist,1136,63.1461923290717,63.1461923290717,オレンジランカー,
16_礼瀬マヨイ_グラフ_Dear World(ムービー).PNG,OK,3,0.080000,0.850000,0.070000,100.850,85.000,93.333,86.667,SSS+,Precision Master,34,1.8899388549193996,1.8899388549193996,レインボーランカー,
16_礼瀬マヨイ_グラフ_Deep into you.PNG,OK,3,0.075145,0.849711,0.075145,100.850,84.971,100.000,87.977,SSS+,Precision Master,14,0.7782101167315175,0.7782101167315175,レインボーランカー,
16_礼瀬マヨイ_グラフ_FORBIDDEN RAIN.png,OK,3,0.090000,0.745000,0.165000,100.745,74.500,70.588,73.718,AAA,Fast Type,925,51.417454141189545,51.417454141189545,レッドランカー,
16_礼瀬マヨイ_グラフ_Graceful Punishment.PNG,OK,3,0.162791,0.790698,0.046512,100.791,79.070,44.444,72.145,AAA,Slow Type,1057,58.754863813229576,58.754863813229576,レッドランカー,
16_礼瀬マヨイ_グラフ_Joyful×box.PNG,OK,3,0.034682,0.751445,0.213873,100.751,75.145,27.907,65.697,A,Fast Type,1491,82.87937743190662,82.87937743190662,ブルーランカー,
16_礼瀬マヨイ_グラフ_LOUDEST BUGS.png,OK,3,0.075377,0.824121,0.100503,100.824,82.412,85.714,83.073,SS+,Amazing Specialist,163,9.06058921623124,9.06058921623124,ゴールドランカー,
16_礼瀬マヨイ_グラフ_Rainbow Stairway.png,OK,3,0.130000,0.800000,0.070000,100.800,80.000,70.000,78.000,S+,Amazing Specialist,529,29.405225125069485,29.405225125069485,ブロンズランカー,
16_礼瀬マヨイ_グラフ_Stranger's Sun.PNG,OK,3,0.140000,0.780000,0.080000,100.780,78.000,72.727,76.945,S,All Round Player,632,35.13062812673707,35.13062812673707,パープルランカー,
16_礼瀬マヨイ_グラフ_The・プリティカルパレード♪.PNG,OK,3,0.104478,0.830846,0.064677,100.831,83.085,76.471,81.762,SS,Amazing Specialist,235,13.062812673707617,13.062812673707617,シルバーランカー,
16_礼瀬マヨイ_グラフ_Unbalanced Triangle.PNG,OK,3,0.060000,0.790000,0.150000,100.790,79.000,57.143,74.629,AAA+,Fast Type,854,47.47081712062256,47.47081712062256,パープルランカー,
16_礼瀬マヨイ_グラフ_きたさいたま2000.PNG,OK,3,0.057803,0.809249,0.132948,100.809,80.925,60.606,76.861,S,Amazing Specialist,643,35.74207893274041,35.74207893274041,パープルランカー,
16_礼瀬マヨイ_グラフ_それは残像の消失店.png,OK,3,0.115000,0.775000,0.110000,100.775,77.500,97.778,81.556,SS,Balanced Player,252,14.007782101167315,14.007782101167315,シルバーランカー,
16_礼瀬マヨイ_グラフ_らびゅ&ピース伝説.PNG,OK,3,0.040698,0.744186,0.215116,100.744,74.419,31.818,65.899,A,Fast Type,1477,82.10116731517509,82.10116731517509,ブルーランカー,
16_礼瀬マヨイ_グラフ_ゴーゴー・キッチン.PNG,OK,3,0.069364,0.820809,0.109827,100.821,82.081,77.419,81.149,SS,Amazing Specialist,284,15.786548082267926,15.786548082267926,シルバーランカー,
16_礼瀬マヨイ_グラフ_スキスキハンター♡(ムービー).PNG,OK,3,0.110465,0.802326,0.087209,100.802,80.233,88.235,81.833,SS,Precision Master,232,12.896053362979435,12.896053362979435,シルバーランカー,
16_礼瀬マヨイ_グラフ_セイクリッド ルイン.PNG,OK,3,0.046243,0.815029,0.138728,100.815,81.503,50.000,75.202,AAA+,Amazing Specialist,794,44.13563090605892,44.13563090605892,パープルランカー,
16_礼瀬マヨイ_グラフ_セツナDrops.PNG,OK,3,0.050251,0.763819,0.185930,100.764,76.382,42.553,69.616,AA,Fast Type,1256,69.816564758199,69.816564758199,オレンジランカー,
16_礼瀬マヨイ_グラフ_催花雨の片道切符.png,OK,3,0.090000,0.765000,0.145000,100.765,76.500,76.596,76.519,S,All Round Player,673,37.40967204002224,37.40967204002224,パープルランカー,
16_礼瀬マヨイ_グラフ_僕のウィーク・ポイント.PNG,OK,3,0.069364,0.849711,0.080925,100.850,84.971,92.308,86.438,SSS+,Precision Master,38,2.112284602556976,2.112284602556976,レインボーランカー,
16_礼瀬マヨイ_グラフ_僕の気持ちを描く.png,OK,3,0.060000,0.805000,0.135000,100.805,80.500,61.538,76.708,S,Amazing Specialist,657,36.52028904947193,36.52028904947193,パープルランカー,
16_礼瀬マヨイ_グラフ_朧.png,OK,3,0.080000,0.795000,0.125000,100.795,79.500,78.049,79.210,S+,All Round Player,428,23.790994997220675,23.790994997220675,ブロンズランカー,
16_礼瀬マヨイ_グラフ_熱血☆流星忍法帖.PNG,OK,3,0.086705,0.791908,0.121387,100.792,79.191,83.333,80.019,SS,All Round Player,367,20.400222345747636,20.400222345747636,ブロンズランカー,
16_礼瀬マヨイ_グラフ_終わらないシンフォニア.PNG,OK,3,0.028902,0.716763,0.254335,100.717,71.676,20.408,61.423,BB,Fast Type,1636,90.93941078376876,90.93941078376876,ホワイトランカー,
16C08605-F64D-4C24-A184-E4CB3ECC99B9.png,OK,3,0.061453,0.692737,0.245810,100.693,69.274,40.000,63.419,BBB,Fast Type,1583,87.99332962757087,87.99332962757087,ブルーランカー,
1754B47B-41AF-4522-8DEF-6C74ACFFBEC4.png,OK,3,0.301676,0.625698,0.072626,100.626,62.570,38.806,57.817,CCC,Slow Type,1717,95.44191217342969,95.44191217342969,ホワイトランカー,
178B53BB-BA67-48A7-930A-546A73F94D6B.jpeg,OK,3,0.158621,0.737931,0.103448,100.738,73.793,78.947,74.824,AAA+,All Round Player,827,45.96998332406893,45.96998332406893,パープルランカー,
17_風早巽_グラフ_Dear World(3DMV).PNG,OK,3,0.064677,0.855721,0.079602,100.856,85.572,89.655,86.389,SSS+,Precision Master,40,2.2234574763757644,2.2234574763757644,レインボーランカー,
17_風早巽_グラフ_Deep into you.PNG,OK,3,0.028902,0.832370,0.138728,100.832,83.237,34.483,73.486,AAA,Amazing Specialist,949,52.75152862701501,52.75152862701501,レッドランカー,
17_風早巽_グラフ_Fight Is Only Fate.png,OK,3,0.055000,0.755000,0.190000,100.755,75.500,44.898,69.380,AA,Fast Type,1272,70.70594774874931,70.70594774874931,グリーンランカー,
17_風早巽_グラフ_FORBIDDEN RAIN.png,OK,3,0.060000,0.720000,0.220000,100.720,72.000,42.857,66.171,A+,Fast Type,1460,81.1561978877154,81.1561978877154,ブルーランカー,
17_風早巽_グラフ_Graceful Punishment.PNG,OK,3,0.086705,0.774566,0.138728,100.775,77.457,76.923,77.350,S,All Round Player,597,33.18510283490828,33.18510283490828,パープルランカー,
17_風早巽_グラフ_Joyful×box.PNG,OK,3,0.040462,0.820809,0.138728,100.821,82.081,45.161,74.697,AAA+,Amazing Specialist,846,47.02612562534741,47.02612562534741,パープルランカー,
17_風早巽_グラフ_Rainbow Stairway.png,OK,3,0.019704,0.561576,0.418719,100.562,56.158,8.989,46.724,F,Fast Type,1791,99.55530850472485,99.55530850472485,ホワイトランカー,
17_風早巽_グラフ_Stranger's Sun.PNG,OK,3,0.185000,0.725000,0.090000,100.725,72.500,65.455,71.091,AA+,Slow Type,1143,63.53529738743746,63.53529738743746,オレンジランカー,
17_風早巽_グラフ_The・プリティカルパレード♪.PNG,OK,3,0.130653,0.793970,0.075377,100.794,79.397,73.171,78.152,S+,All Round Player,511,28.404669260700388,28.404669260700388,ブロンズランカー,
17_風早巽_グラフ_それは残像の消失店.png,OK,3,0.054726,0.756219,0.189055,100.756,75.622,44.898,69.477,AA,Fast Type,1265,70.31684269038355,70.31684269038355,グリーンランカー,
17_風早巽_グラフ_らびゅ&ピース伝説.PNG,OK,3,0.080925,0.803468,0.115607,100.803,80.347,82.353,80.748,SS,Amazing Specialist,312,17.34296831573096,17.34296831573096,シルバーランカー,
17_風早巽_グラフ_ゴーゴー・キッチン.PNG,OK,3,0.080925,0.861272,0.057803,100.861,86.127,83.333,85.568,SSS,Amazing Specialist,62,3.446359088382435,3.446359088382435,プラチナランカー,
17_風早巽_グラフ_サヨナラ・ヘヴン.png,OK,3,0.145729,0.773869,0.080402,100.774,77.387,71.111,76.132,S,All Round Player,707,39.29961089494164,39.29961089494164,パープルランカー,
17_風早巽_グラフ_スキスキハンター♡(3DMV).PNG,OK,3,0.127168,0.786127,0.086705,100.786,78.613,81.081,79.106,S+,All Round Player,437,24.291272929405224,24.291272929405224,ブロンズランカー,
17_風早巽_グラフ_セイクリッド ルイン.PNG,OK,3,0.029070,0.732558,0.238372,100.733,73.256,21.739,62.952,BBB,Fast Type,1592,88.49360755975542,88.49360755975542,ブルーランカー,
17_風早巽_グラフ_セツナDrops.PNG,OK,3,0.040000,0.715000,0.245000,100.715,71.500,28.070,62.814,BBB,Fast Type,1596,88.715953307393,88.715953307393,ブルーランカー,
17_風早巽_グラフ_プロローグのそのあとへ.png,OK,3,0.080000,0.810000,0.110000,100.810,81.000,84.211,81.642,SS,Amazing Specialist,244,13.563090605892162,13.563090605892162,シルバーランカー,
17_風早巽_グラフ_僕の気持ちを描く.png,OK,3,0.050000,0.770000,0.180000,100.770,77.000,43.478,70.296,AA+,Fast Type,1203,66.8704836020011,66.8704836020011,オレンジランカー,
17_風早巽_グラフ_朧.png,OK,3,0.165000,0.760000,0.075000,100.760,76.000,62.500,73.300,AAA,Slow Type,965,53.640911617565315,53.640911617565315,レッドランカー,
17_風早巽_グラフ_熱血☆流星忍法帖.PNG,OK,3,0.063584,0.786127,0.150289,100.786,78.613,59.459,74.782,AAA+,Fast Type,834,46.359088382434685,46.359088382434685,パープルランカー,
17_風早巽_グラフ_瞬きSign☆.PNG,OK,3,0.070000,0.855000,0.075000,100.855,85.500,96.552,87.710,SSS+,Precision Master,16,0.8893829905503057,0.8893829905503057,レインボーランカー,
17_風早巽_グラフ_終わらないシンフォニア.PNG,OK,3,0.063953,0.761628,0.174419,100.762,76.163,53.659,71.662,AA+,Fast Type,1095,60.867148415786545,60.867148415786545,オレンジランカー,
18457D03-DB08-4769-AC29-1BCCE821D3D3.png,OK,3,0.055866,0.737430,0.206704,100.737,73.743,42.553,67.505,A+,Fast Type,1385,76.98721511951085,76.98721511951085,グリーンランカー,
1851D933-F801-45FA-BE87-C8BA65AE4C28.png,OK,3,0.194444,0.716667,0.088889,100.717,71.667,62.745,69.882,AA,Slow Type,1241,68.98276820455808,68.98276820455808,オレンジランカー,
18_乱凪砂_グラフ_=EYE=.PNG,OK,3,0.040000,0.790000,0.170000,100.790,79.000,38.095,70.819,AA+,Fast Type,1167,64.86937187326292,64.86937187326292,オレンジランカー,
18_乱凪砂_グラフ_CIVIL WAR.PNG,OK,3,0.055000,0.895000,0.050000,100.895,89.500,95.238,90.648,SSS+,Precision Master,1,0.055586436909394105,0.055586436909394105,レインボーランカー,
18_乱凪砂_グラフ_Dear World(3DMV).PNG,OK,3,0.030000,0.830000,0.140000,100.830,83.000,35.294,73.459,AAA,Amazing Specialist,952,52.918287937743195,52.918287937743195,レッドランカー,
18_乱凪砂_グラフ_Fight Is Only Fate.png,OK,3,0.040000,0.725000,0.235000,100.725,72.500,29.091,63.818,BBB,Fast Type,1567,87.10394663702057,87.10394663702057,ブルーランカー,
18_乱凪砂_グラフ_Graceful Punishment.PNG,OK,3,0.161850,0.768786,0.069364,100.769,76.879,60.000,73.503,AAA,Slow Type,947,52.640355753196225,52.640355753196225,レッドランカー,
18_乱凪砂_グラフ_It's k(not) lov.PNG,OK,3,0.127168,0.768786,0.104046,100.769,76.879,90.000,79.503,S+,Balanced Player,407,22.623679822123403,22.623679822123403,ブロンズランカー,
18_乱凪砂_グラフ_Joyful×box.PNG,OK,3,0.040462,0.786127,0.173410,100.786,78.613,37.838,70.458,AA+,Fast Type,1197,66.53696498054474,66.53696498054474,オレンジランカー,
18_乱凪砂_グラフ_LOUDEST BUGS.png,OK,3,0.085000,0.820000,0.095000,100.820,82.000,94.444,84.489,SSS,Precision Master,96,5.336297943301834,5.336297943301834,プラチナランカー,
18_乱凪砂_グラフ_Rainbow Stairway.png,OK,3,0.105000,0.825000,0.070000,100.825,82.500,80.000,82.000,SS+,Amazing Specialist,225,12.506948304613674,12.506948304613674,シルバーランカー,
18_乱凪砂_グラフ_Stranger's Sun.PNG,OK,3,0.230000,0.710000,0.060000,100.710,71.000,41.379,65.076,A,Slow Type,1519,84.43579766536965,84.43579766536965,ブルーランカー,
18_乱凪砂_グラフ_Unbalanced Triangle.PNG,OK,3,0.059701,0.776119,0.164179,100.776,77.612,53.333,72.756,AAA,Fast Type,1009,56.086714841578655,56.086714841578655,レッドランカー,
18_乱凪砂_グラフ_それは残像の消失店.png,OK,3,0.030151,0.698492,0.271357,100.698,69.849,20.000,59.879,B,Fast Type,1669,92.77376320177876,92.77376320177876,ホワイトランカー,
18_乱凪砂_グラフ_らびゅ&ピース伝説.PNG,OK,3,0.132948,0.797688,0.069364,100.798,79.769,68.571,77.529,S,Slow Type,572,31.795441912173427,31.795441912173427,パープルランカー,
18_乱凪砂_グラフ_ゴーゴー・キッチン.PNG,OK,3,0.086207,0.862069,0.051724,100.862,86.207,75.000,83.966,SS+,Amazing Specialist,121,6.725958866036687,6.725958866036687,プラチナランカー,
18_乱凪砂_グラフ_サヨナラ・ヘヴン.png,OK,3,0.125000,0.780000,0.095000,100.780,78.000,86.364,79.673,S+,All Round Player,393,21.845469705391885,21.845469705391885,ブロンズランカー,
18_乱凪砂_グラフ_スキスキハンター♡(ムービー).PNG,OK,3,0.057803,0.780347,0.161850,100.780,78.035,52.632,72.954,AAA,Fast Type,996,55.364091161756534,55.364091161756534,レッドランカー,
18_乱凪砂_グラフ_セイクリッド ルイン.PNG,OK,3,0.069364,0.803468,0.127168,100.803,80.347,70.588,78.395,S+,Amazing Specialist,497,27.626459143968873,27.626459143968873,ブロンズランカー,
18_乱凪砂_グラフ_セツナDrops.PNG,OK,3,0.065000,0.780000,0.155000,100.780,78.000,59.091,74.218,AAA+,Fast Type,886,49.24958310172318,49.24958310172318,パープルランカー,
18_乱凪砂_グラフ_プロローグのそのあとへ.png,OK,3,0.085000,0.830000,0.085000,100.830,83.000,100.000,86.400,SSS+,Precision Master,39,2.16787103946637,2.16787103946637,レインボーランカー,
18_乱凪砂_グラフ_催花雨の片道切符.png,OK,3,0.115000,0.785000,0.100000,100.785,78.500,93.023,81.405,SS,Balanced Player,262,14.563646470261258,14.563646470261258,シルバーランカー,
18_乱凪砂_グラフ_僕の気持ちを描く.png,OK,3,0.155779,0.814070,0.030151,100.814,81.407,32.432,71.612,AA+,Amazing Specialist,1100,61.14508060033352,61.14508060033352,オレンジランカー,
18_乱凪砂_グラフ_朧.png,OK,3,0.130000,0.795000,0.075000,100.795,79.500,73.171,78.234,S+,All Round Player,504,28.01556420233463,28.01556420233463,ブロンズランカー,
18_乱凪砂_グラフ_熱血☆流星忍法帖.PNG,OK,3,0.086705,0.797688,0.115607,100.798,79.769,85.714,80.958,SS,All Round Player,294,16.342412451361866,16.342412451361866,シルバーランカー,
18_乱凪砂_グラフ_瞬きSign☆.PNG,OK,3,0.080402,0.829146,0.090452,100.829,82.915,94.118,85.155,SSS,Precision Master,78,4.33574207893274,4.33574207893274,プラチナランカー,
18_乱凪砂_グラフ_終わらないシンフォニア.PNG,OK,3,0.040462,0.687861,0.271676,100.688,68.786,25.926,60.214,BB,Fast Type,1662,92.384658143413,92.384658143413,ホワイトランカー,
19_巴日和_グラフ_=EYE=.PNG,OK,3,0.060302,0.778894,0.160804,100.779,77.889,54.545,73.221,AAA,Fast Type,971,53.97443023902168,53.97443023902168,レッドランカー,
19_巴日和_グラフ_Ai☆$!!.png,OK,3,0.160000,0.750000,0.090000,100.750,75.000,72.000,74.400,AAA+,All Round Player,875,48.63813229571984,48.63813229571984,パープルランカー,
19_巴日和_グラフ_BIGBANG REFLECTION!!.png,OK,3,0.095477,0.793970,0.110553,100.794,79.397,92.683,82.054,SS+,Balanced Player,222,12.340188993885493,12.340188993885493,シルバーランカー,
19_巴日和_グラフ_Dear World(3DMV).PNG,OK,3,0.075000,0.870000,0.055000,100.870,87.000,84.615,86.523,SSS+,Amazing Specialist,36,2.001111728738188,2.001111728738188,レインボーランカー,
19_巴日和_グラフ_Dear World(ムービー).PNG,OK,3,0.075000,0.865000,0.060000,100.865,86.500,88.889,86.978,SSS+,Precision Master,27,1.500833796553641,1.500833796553641,レインボーランカー,
19_巴日和_グラフ_Deep into you.PNG,OK,3,0.098837,0.848837,0.052326,100.849,84.884,69.231,81.753,SS,Amazing Specialist,236,13.11839911061701,13.11839911061701,シルバーランカー,
19_巴日和_グラフ_Fight Is Only Fate.png,OK,3,0.090000,0.785000,0.125000,100.785,78.500,83.721,79.544,S+,All Round Player,404,22.45692051139522,22.45692051139522,ブロンズランカー,
19_巴日和_グラフ_FORBIDDEN RAIN.png,OK,3,0.085000,0.750000,0.165000,100.750,75.000,68.000,73.600,AAA,Fast Type,940,52.25125069483047,52.25125069483047,レッドランカー,
19_巴日和_グラフ_Graceful Punishment.PNG,OK,3,0.069364,0.774566,0.156069,100.775,77.457,61.538,74.273,AAA+,Fast Type,885,49.19399666481378,49.19399666481378,パープルランカー,
19_巴日和_グラフ_Joyful×box.PNG,OK,3,0.028902,0.763006,0.208092,100.763,76.301,24.390,65.919,A,Fast Type,1476,82.0455808782657,82.0455808782657,ブルーランカー,
19_巴日和_グラフ_LOUDEST BUGS.png,OK,3,0.075000,0.785000,0.140000,100.785,78.500,69.767,76.753,S,Fast Type,652,36.24235686492496,36.24235686492496,パープルランカー,
19_巴日和_グラフ_Rainbow Stairway.png,OK,3,0.110000,0.780000,0.110000,100.780,78.000,100.000,82.400,SS+,Balanced Player,198,11.006114508060033,11.006114508060033,シルバーランカー,
19_巴日和_グラフ_Stranger's Sun.PNG,OK,3,0.110553,0.778894,0.110553,100.779,77.889,100.000,82.312,SS+,Balanced Player,206,11.450806003335186,11.450806003335186,シルバーランカー,
19_巴日和_グラフ_The・プリティカルパレード♪.PNG,OK,3,0.074627,0.815920,0.109453,100.816,81.592,81.081,81.490,SS,Amazing Specialist,257,14.285714285714285,14.285714285714285,シルバーランカー,
19_巴日和_グラフ_きたさいたま2000.PNG,OK,3,0.046243,0.774566,0.179191,100.775,77.457,41.026,70.170,AA+,Fast Type,1216,67.59310728182324,67.59310728182324,オレンジランカー,
19_巴日和_グラフ_それは残像の消失店.png,OK,3,0.124378,0.731343,0.144279,100.731,73.134,92.593,77.026,S,Balanced Player,621,34.51917732073374,34.51917732073374,パープルランカー,
19_巴日和_グラフ_ゴーゴー・キッチン.PNG,OK,3,0.052023,0.861272,0.086705,100.861,86.127,75.000,83.902,SS+,Amazing Specialist,127,7.0594774874930515,7.0594774874930515,ゴールドランカー,
19_巴日和_グラフ_サヨナラ・ヘヴン.png,OK,3,0.120603,0.783920,0.095477,100.784,78.392,88.372,80.388,SS,Balanced Player,339,18.843802112284603,18.843802112284603,シルバーランカー,
19_巴日和_グラフ_スキスキハンター♡(3DMV).PNG,OK,3,0.104046,0.809249,0.086705,100.809,80.925,90.909,82.922,SS+,Precision Master,168,9.33852140077821,9.33852140077821,ゴールドランカー,
19_巴日和_グラフ_セイクリッド ルイン.PNG,OK,3,0.075145,0.820809,0.104046,100.821,82.081,83.871,82.439,SS+,Amazing Specialist,194,10.783768760422458,10.783768760422458,シルバーランカー,
19_巴日和_グラフ_セツナDrops.PNG,OK,3,0.025000,0.740000,0.235000,100.740,74.000,19.231,63.046,BBB,Fast Type,1589,88.32684824902724,88.32684824902724,ブルーランカー,
19_巴日和_グラフ_催花雨の片道切符.png,OK,3,0.090000,0.760000,0.150000,100.760,76.000,75.000,75.800,AAA+,All Round Player,746,41.467481934408006,41.467481934408006,パープルランカー,
19_巴日和_グラフ_僕のウィーク・ポイント.PNG,OK,3,0.116279,0.837209,0.046512,100.837,83.721,57.143,78.405,S+,Amazing Specialist,495,27.515286270150085,27.515286270150085,ブロンズランカー,
19_巴日和_グラフ_朧.png,OK,3,0.065000,0.740000,0.195000,100.740,74.000,50.000,69.200,AA,Fast Type,1290,71.7065036131184,71.7065036131184,グリーンランカー,
19_巴日和_グラフ_熱血☆流星忍法帖.PNG,OK,3,0.109827,0.774566,0.115607,100.775,77.457,97.436,81.452,SS,Balanced Player,259,14.396887159533073,14.396887159533073,シルバーランカー,
19_巴日和_グラフ_終わらないシンフォニア.PNG,OK,3,0.058140,0.790698,0.151163,100.791,79.070,55.556,74.367,AAA+,Fast Type,878,48.804891606448024,48.804891606448024,パープルランカー,
19DDB906-9763-445E-B578-27AB191BCEA9.png,OK,3,0.033333,0.672222,0.294444,100.672,67.222,20.339,57.846,CCC,Fast Type,1715,95.3307392996109,95.3307392996109,ホワイトランカー,
1_天祥院英智_グラフ_=EYE=.PNG,OK,3,0.130000,0.790000,0.080000,100.790,79.000,76.190,78.438,S+,All Round Player,490,27.237354085603112,27.237354085603112,ブロンズランカー,
1_天祥院英智_グラフ_Ai☆$!!.png,OK,3,0.095000,0.745000,0.160000,100.745,74.500,74.510,74.502,AAA+,All Round Player,869,48.30461367426348,48.30461367426348,パープルランカー,
1_天祥院英智_グラフ_CIVIL WAR.PNG,OK,3,0.040000,0.840000,0.120000,100.840,84.000,50.000,77.200,S,Amazing Specialist,608,33.79655364091162,33.79655364091162,パープルランカー,
1_天祥院英智_グラフ_Dear World(3DMV).PNG,OK,3,0.065000,0.835000,0.100000,100.835,83.500,78.788,82.558,SS+,Amazing Specialist,188,10.450250138966092,10.450250138966092,シルバーランカー,
1_天祥院英智_グラフ_Dear World(ムービー).PNG,OK,3,0.045226,0.819095,0.135678,100.819,81.910,50.000,75.528,AAA+,Amazing Specialist,767,42.63479710950528,42.63479710950528,パープルランカー,
1_天祥院英智_グラフ_Deep into you.PNG,OK,3,0.023121,0.826590,0.150289,100.827,82.659,26.667,71.461,AA+,Amazing Specialist,1113,61.86770428015564,61.86770428015564,オレンジランカー,
1_天祥院英智_グラフ_FORBIDDEN RAIN.png,OK,3,0.140000,0.750000,0.110000,100.750,75.000,88.000,77.600,S,Balanced Player,568,31.57309616453585,31.57309616453585,パープルランカー,
1_天祥院英智_グラフ_Graceful Punishment.PNG,OK,3,0.063218,0.787356,0.149425,100.787,78.736,59.459,74.880,AAA+,Fast Type,822,45.69205113952196,45.69205113952196,パープルランカー,
1_天祥院英智_グラフ_It's k(not) lov.PNG,OK,3,0.109195,0.787356,0.103448,100.787,78.736,97.297,82.448,SS+,Balanced Player,193,10.728182323513062,10.728182323513062,シルバーランカー,
1_天祥院英智_グラフ_Joyful×box.PNG,OK,3,0.034682,0.786127,0.179191,100.786,78.613,32.432,69.377,AA,Fast Type,1273,70.7615341856587,70.7615341856587,グリーンランカー,
1_天祥院英智_グラフ_Stranger's Sun.PNG,OK,3,0.085000,0.755000,0.160000,100.755,75.500,69.388,74.278,AAA+,Fast Type,883,49.08282379099499,49.08282379099499,パープルランカー,
1_天祥院英智_グラフ_Unbalanced Triangle.PNG,OK,3,0.085000,0.790000,0.125000,100.790,79.000,80.952,79.390,S+,All Round Player,418,23.235130628126736,23.235130628126736,ブロンズランカー,
1_天祥院英智_グラフ_きたさいたま2000.PNG,OK,3,0.052023,0.734104,0.213873,100.734,73.410,39.130,66.554,A+,Fast Type,1441,80.10005558643691,80.10005558643691,ブルーランカー,
1_天祥院英智_グラフ_ゴーゴー・キッチン.PNG,OK,3,0.034682,0.843931,0.121387,100.844,84.393,44.444,76.403,S,Amazing Specialist,684,38.02112284602557,38.02112284602557,パープルランカー,
1_天祥院英智_グラフ_サヨナラ・ヘヴン.png,OK,3,0.109453,0.731343,0.159204,100.731,73.134,81.481,74.804,AAA+,All Round Player,831,46.1923290717065,46.1923290717065,パープルランカー,
1_天祥院英智_グラフ_セイクリッド ルイン.PNG,OK,3,0.046243,0.791908,0.161850,100.792,79.191,44.444,72.241,AAA,Fast Type,1047,58.19899944413564,58.19899944413564,レッドランカー,
1_天祥院英智_グラフ_セツナDrops.PNG,OK,3,0.090000,0.755000,0.155000,100.755,75.500,73.469,75.094,AAA+,All Round Player,801,44.52473596442468,44.52473596442468,パープルランカー,
1_天祥院英智_グラフ_プロローグのそのあとへ.png,OK,3,0.075377,0.814070,0.110553,100.814,81.407,81.081,81.342,SS,Amazing Specialist,269,14.952751528627015,14.952751528627015,シルバーランカー,
1_天祥院英智_グラフ_催花雨の片道切符.png,OK,3,0.095000,0.790000,0.115000,100.790,79.000,90.476,81.295,SS,Balanced Player,274,15.230683713173985,15.230683713173985,シルバーランカー,
1_天祥院英智_グラフ_僕のウィーク・ポイント.PNG,OK,3,0.080925,0.838150,0.080925,100.838,83.815,100.000,87.052,SSS+,Precision Master,26,1.4452473596442468,1.4452473596442468,レインボーランカー,
1_天祥院英智_グラフ_熱血☆流星忍法帖.PNG,OK,3,0.069364,0.751445,0.179191,100.751,75.145,55.814,71.278,AA+,Fast Type,1126,62.59032795997776,62.59032795997776,オレンジランカー,
1_天祥院英智_グラフ_終わらないシンフォニア.PNG,OK,3,0.017241,0.632184,0.350575,100.632,63.218,9.375,52.450,C,Fast Type,1776,98.72151195108394,98.72151195108394,ホワイトランカー,
1CBC2F07-3D67-485A-9CDA-81296BC23EA2.jpeg,OK,3,0.027778,0.604167,0.368056,100.604,60.417,14.035,51.140,D,Fast Type,1780,98.94385769872152,98.94385769872152,ホワイトランカー,
1DD533D7-2FDE-496B-901C-C8417C7CEF06.png,OK,3,0.205556,0.638889,0.155556,100.639,63.889,86.154,68.342,AA,All Round Player,1347,74.87493051695387,74.87493051695387,グリーンランカー,
1E01B61A-E6FE-44AB-A552-8681ABA339FA.jpeg,OK,3,0.027778,0.701389,0.270833,100.701,70.139,18.605,59.832,B,Fast Type,1670,92.82934963868816,92.82934963868816,ホワイトランカー,
1F979D2C-26F5-477A-AC87-745BCFD6AFDF.jpeg,OK,3,0.039216,0.803922,0.156863,100.804,80.392,40.000,72.314,AAA,Amazing Specialist,1040,57.809894385769866,57.809894385769866,レッドランカー,
206C132F-1E77-45E5-880B-3B3EF8CCB95C.png,OK,3,0.044693,0.631285,0.324022,100.631,63.128,24.242,55.351,CC,Fast Type,1751,97.33185102834908,97.33185102834908,ホワイトランカー,
20_七種茨_グラフ_Ai☆$!!.png,OK,3,0.100000,0.790000,0.110000,100.790,79.000,95.238,82.248,SS+,Balanced Player,209,11.617565314063368,11.617565314063368,シルバーランカー,
20_七種茨_グラフ_BIGBANG REFLECTION!!.png,OK,3,0.109453,0.800995,0.089552,100.801,80.100,90.000,82.080,SS+,Precision Master,219,12.173429683157309,12.173429683157309,シルバーランカー,
20_七種茨_グラフ_Dear World(3DMV).PNG,OK,3,0.084577,0.855721,0.059701,100.856,85.572,82.759,85.009,SSS,Amazing Specialist,82,4.558087826570317,4.558087826570317,プラチナランカー,
20_七種茨_グラフ_Dear World(ムービー).PNG,OK,3,0.070000,0.890000,0.040000,100.890,89.000,72.727,85.745,SSS,Amazing Specialist,56,3.11284046692607,3.11284046692607,プラチナランカー,
20_七種茨_グラフ_Deep into you.PNG,OK,3,0.093023,0.848837,0.058140,100.849,84.884,76.923,83.292,SS+,Amazing Specialist,149,8.282379099499721,8.282379099499721,ゴールドランカー,
20_七種茨_グラフ_Fight Is Only Fate.png,OK,3,0.060302,0.748744,0.190955,100.749,74.874,48.000,69.499,AA,Fast Type,1264,70.26125625347414,70.26125625347414,グリーンランカー,
20_七種茨_グラフ_FORBIDDEN RAIN.png,OK,3,0.070000,0.740000,0.190000,100.740,74.000,53.846,69.969,AA,Fast Type,1233,68.53807670928293,68.53807670928293,オレンジランカー,
20_七種茨_グラフ_It's k(not) lov.PNG,OK,3,0.196532,0.728324,0.075145,100.728,72.832,55.319,69.330,AA,Slow Type,1277,70.98387993329628,70.98387993329628,グリーンランカー,
20_七種茨_グラフ_Joyful×box.PNG,OK,3,0.017341,0.745665,0.236994,100.746,74.566,13.636,62.380,BBB,Fast Type,1610,89.49416342412452,89.49416342412452,ブルーランカー,
20_七種茨_グラフ_Rainbow Stairway.png,OK,3,0.104478,0.820896,0.074627,100.821,82.090,83.333,82.338,SS+,Amazing Specialist,200,11.117287381878821,11.117287381878821,シルバーランカー,
20_七種茨_グラフ_Unbalanced Triangle.PNG,OK,3,0.075000,0.810000,0.115000,100.810,81.000,78.947,80.589,SS,Amazing Specialist,318,17.676486937187327,17.676486937187327,シルバーランカー,
20_七種茨_グラフ_きたさいたま2000.PNG,OK,3,0.069364,0.815029,0.115607,100.815,81.503,75.000,80.202,SS,Amazing Specialist,354,19.677598665925515,19.677598665925515,シルバーランカー,
20_七種茨_グラフ_それは残像の消失店.png,OK,3,0.039801,0.691542,0.268657,100.692,69.154,25.806,60.485,BB,Fast Type,1656,92.05113952195664,92.05113952195664,ホワイトランカー,
20_七種茨_グラフ_らびゅ&ピース伝説.PNG,OK,3,0.057803,0.786127,0.156069,100.786,78.613,54.054,73.701,AAA,Fast Type,927,51.52862701500833,51.52862701500833,レッドランカー,
20_七種茨_グラフ_サヨナラ・ヘヴン.png,OK,3,0.115000,0.745000,0.140000,100.745,74.500,90.196,77.639,S,Balanced Player,565,31.40633685380767,31.40633685380767,パープルランカー,
20_七種茨_グラフ_スキスキハンター♡(ムービー).PNG,OK,3,0.075581,0.784884,0.139535,100.785,78.488,70.270,76.845,S,Fast Type,645,35.8532518065592,35.8532518065592,パープルランカー,
20_七種茨_グラフ_セイクリッド ルイン.PNG,OK,3,0.034884,0.732558,0.232558,100.733,73.256,26.087,63.822,BBB,Fast Type,1565,86.99277376320178,86.99277376320178,ブルーランカー,
20_七種茨_グラフ_プロローグのそのあとへ.png,OK,3,0.115578,0.829146,0.055276,100.829,82.915,64.706,79.273,S+,Amazing Specialist,424,23.5686492495831,23.5686492495831,ブロンズランカー,
20_七種茨_グラフ_僕のウィーク・ポイント.PNG,OK,3,0.075145,0.815029,0.109827,100.815,81.503,81.250,81.452,SS,Amazing Specialist,260,14.452473596442466,14.452473596442466,シルバーランカー,
20_七種茨_グラフ_朧.png,OK,3,0.115000,0.805000,0.080000,100.805,80.500,82.051,80.810,SS,Amazing Specialist,309,17.17620900500278,17.17620900500278,シルバーランカー,
21097CF9-C687-4279-A403-78B2A3817057.png,OK,3,0.072626,0.636872,0.290503,100.637,63.687,40.000,58.950,B,Fast Type,1695,94.219010561423,94.219010561423,ホワイトランカー,
215FF01F-2620-4195-9383-BC73F2AB97DC.jpeg,OK,3,0.039216,0.823529,0.137255,100.824,82.353,44.444,74.771,AAA+,Amazing Specialist,836,46.47026125625347,46.47026125625347,パープルランカー,
21_漣ジュン_グラフ_=EYE=.PNG,OK,3,0.030000,0.745000,0.225000,100.745,74.500,23.529,64.306,A,Fast Type,1544,85.8254585881045,85.8254585881045,ブルーランカー,
21_漣ジュン_グラフ_BIGBANG REFLECTION!!.png,OK,3,0.105528,0.804020,0.090452,100.804,80.402,92.308,82.783,SS+,Precision Master,176,9.783212896053364,9.783212896053364,ゴールドランカー,
21_漣ジュン_グラフ_CIVIL WAR.PNG,OK,3,0.045000,0.850000,0.105000,100.850,85.000,60.000,80.000,SS,Amazing Specialist,368,20.45580878265703,20.45580878265703,ブロンズランカー,
21_漣ジュン_グラフ_Dear World(ムービー).PNG,OK,3,0.085000,0.870000,0.045000,100.870,87.000,69.231,83.446,SS+,Amazing Specialist,142,7.893274041133963,7.893274041133963,ゴールドランカー,
21_漣ジュン_グラフ_It's k(not) lov.PNG,OK,3,0.219653,0.728324,0.052023,100.728,72.832,38.298,65.925,A,Slow Type,1475,81.9899944413563,81.9899944413563,ブルーランカー,
21_漣ジュン_グラフ_Joyful×box.PNG,OK,3,0.063218,0.798851,0.137931,100.799,79.885,62.857,76.479,S,Fast Type,677,37.63201778765981,37.63201778765981,パープルランカー,
21_漣ジュン_グラフ_Stranger's Sun.PNG,OK,3,0.115578,0.763819,0.120603,100.764,76.382,97.872,80.680,SS,Balanced Player,314,17.45414118954975,17.45414118954975,シルバーランカー,
21_漣ジュン_グラフ_Unbalanced Triangle.PNG,OK,3,0.049751,0.810945,0.139303,100.811,81.095,52.632,75.402,AAA+,Amazing Specialist,776,43.13507504168983,43.13507504168983,パープルランカー,
21_漣ジュン_グラフ_きたさいたま2000.PNG,OK,3,0.057803,0.820809,0.121387,100.821,82.081,64.516,78.568,S+,Amazing Specialist,483,26.848249027237355,26.848249027237355,ブロンズランカー,
21_漣ジュン_グラフ_サヨナラ・ヘヴン.png,OK,3,0.110553,0.748744,0.140704,100.749,74.874,88.000,77.499,S,Balanced Player,576,32.017787659811006,32.017787659811006,パープルランカー,
21_漣ジュン_グラフ_スキスキハンター♡(3DMV).PNG,OK,3,0.093023,0.813953,0.093023,100.814,81.395,100.000,85.116,SSS,Precision Master,79,4.391328515842134,4.391328515842134,プラチナランカー,
21_漣ジュン_グラフ_プロローグのそのあとへ.png,OK,3,0.050000,0.790000,0.160000,100.790,79.000,47.619,72.724,AAA,Fast Type,1011,56.19788771539744,56.19788771539744,レッドランカー,
21_漣ジュン_グラフ_催花雨の片道切符.png,OK,3,0.115000,0.780000,0.105000,100.780,78.000,95.455,81.491,SS,Balanced Player,256,14.23012784880489,14.23012784880489,シルバーランカー,
21_漣ジュン_グラフ_僕のウィーク・ポイント.PNG,OK,3,0.068966,0.844828,0.086207,100.845,84.483,88.889,85.364,SSS,Precision Master,73,4.05780989438577,4.05780989438577,プラチナランカー,
21_漣ジュン_グラフ_僕の気持ちを描く.png,OK,3,0.050000,0.715000,0.235000,100.715,71.500,35.088,64.218,A,Fast Type,1548,86.04780433574209,86.04780433574209,ブルーランカー,
21_漣ジュン_グラフ_朧.png,OK,3,0.055276,0.809045,0.135678,100.809,80.905,57.895,76.303,S,Amazing Specialist,692,38.46581434130073,38.46581434130073,パープルランカー,
21_漣ジュン_グラフ_瞬きSign☆.PNG,OK,3,0.050251,0.829146,0.120603,100.829,82.915,58.824,78.096,S+,Amazing Specialist,519,28.84936075597554,28.84936075597554,ブロンズランカー,
21_漣ジュン_グラフ_終わらないシンフォニア.PNG,OK,3,0.034884,0.720930,0.244186,100.721,72.093,25.000,62.674,BBB,Fast Type,1600,88.93829905503057,88.93829905503057,ブルーランカー,
22062178-85BC-4A27-85C3-30DA25EDC437.jpeg,OK,3,0.200000,0.737931,0.062069,100.738,73.793,47.368,68.508,AA,Slow Type,1337,74.31906614785993,74.31906614785993,グリーンランカー,
227B30B4-0C20-48A2-974B-344F5FB2DCD4.jpg,OK,3,0.109195,0.689655,0.201149,100.690,68.966,70.370,69.246,AA,Fast Type,1285,71.42857142857143,71.42857142857143,グリーンランカー,
228E1271-A89E-4BEC-A953-26A556E8974B.jpeg,OK,3,0.078431,0.764706,0.156863,100.765,76.471,66.667,74.510,AAA+,Fast Type,866,48.1378543635353,48.1378543635353,パープルランカー,
22_斎宮宗_グラフ_=EYE=.PNG,OK,3,0.040000,0.710000,0.250000,100.710,71.000,27.586,62.317,BBB,Fast Type,1613,89.6609227348527,89.6609227348527,ブルーランカー,
22_斎宮宗_グラフ_Ai☆$!!.png,OK,3,0.030151,0.693467,0.276382,100.693,69.347,19.672,59.412,B,Fast Type,1682,93.49638688160088,93.49638688160088,ホワイトランカー,
22_斎宮宗_グラフ_CIVIL WAR.PNG,OK,3,0.040000,0.870000,0.090000,100.870,87.000,61.538,81.908,SS,Amazing Specialist,229,12.72929405225125,12.72929405225125,シルバーランカー,
22_斎宮宗_グラフ_Dear World(3DMV).PNG,OK,3,0.060000,0.850000,0.090000,100.850,85.000,80.000,84.000,SSS,Amazing Specialist,118,6.559199555308505,6.559199555308505,プラチナランカー,
22_斎宮宗_グラフ_Dear World(ムービー).PNG,OK,3,0.050000,0.880000,0.070000,100.880,88.000,83.333,87.067,SSS+,Amazing Specialist,25,1.3896609227348526,1.3896609227348526,レインボーランカー,
22_斎宮宗_グラフ_Fight Is Only Fate.png,OK,3,0.055276,0.738693,0.206030,100.739,73.869,42.308,67.557,A+,Fast Type,1382,76.82045580878267,76.82045580878267,グリーンランカー,
22_斎宮宗_グラフ_Graceful Punishment.PNG,OK,3,0.092486,0.797688,0.109827,100.798,79.769,91.429,82.101,SS+,Balanced Player,218,12.117843246247915,12.117843246247915,シルバーランカー,
22_斎宮宗_グラフ_It's k(not) lov.PNG,OK,3,0.115607,0.763006,0.121387,100.763,76.301,97.561,80.553,SS,Balanced Player,324,18.01000555864369,18.01000555864369,シルバーランカー,
22_斎宮宗_グラフ_Joyful×box.PNG,OK,3,0.045977,0.775862,0.178161,100.776,77.586,41.026,70.274,AA+,Fast Type,1205,66.98165647581989,66.98165647581989,オレンジランカー,
22_斎宮宗_グラフ_LOUDEST BUGS.png,OK,3,0.050000,0.825000,0.125000,100.825,82.500,57.143,77.429,S,Amazing Specialist,586,32.573652028904945,32.573652028904945,パープルランカー,
22_斎宮宗_グラフ_Rainbow Stairway.png,OK,3,0.035176,0.753769,0.211055,100.754,75.377,28.571,66.016,A+,Fast Type,1469,81.65647581989994,81.65647581989994,ブルーランカー,
22_斎宮宗_グラフ_Stranger's Sun.PNG,OK,3,0.140000,0.765000,0.095000,100.765,76.500,80.851,77.370,S,All Round Player,594,33.018343524180096,33.018343524180096,パープルランカー,
22_斎宮宗_グラフ_The・プリティカルパレード♪.PNG,OK,3,0.050000,0.830000,0.120000,100.830,83.000,58.824,78.165,S+,Amazing Specialist,510,28.349082823790994,28.349082823790994,ブロンズランカー,
22_斎宮宗_グラフ_Unbalanced Triangle.PNG,OK,3,0.070000,0.760000,0.170000,100.760,76.000,58.333,72.467,AAA,Fast Type,1030,57.25403001667593,57.25403001667593,レッドランカー,
22_斎宮宗_グラフ_きたさいたま2000.PNG,OK,3,0.115607,0.786127,0.098266,100.786,78.613,91.892,81.269,SS,Balanced Player,276,15.341856586992774,15.341856586992774,シルバーランカー,
22_斎宮宗_グラフ_それは残像の消失店.png,OK,3,0.070000,0.755000,0.175000,100.755,75.500,57.143,71.829,AA+,Fast Type,1086,60.366870483602,60.366870483602,オレンジランカー,
22_斎宮宗_グラフ_らびゅ&ピース伝説.PNG,OK,3,0.120690,0.793103,0.086207,100.793,79.310,83.333,80.115,SS,All Round Player,360,20.01111728738188,20.01111728738188,ブロンズランカー,
22_斎宮宗_グラフ_サヨナラ・ヘヴン.png,OK,3,0.115000,0.770000,0.115000,100.770,77.000,100.000,81.600,SS,Balanced Player,247,13.729849916620346,13.729849916620346,シルバーランカー,
22_斎宮宗_グラフ_スキスキハンター♡(ムービー).PNG,OK,3,0.110465,0.779070,0.110465,100.779,77.907,100.000,82.326,SS+,Balanced Player,204,11.339633129516399,11.339633129516399,シルバーランカー,
22_斎宮宗_グラフ_朧.png,OK,3,0.110000,0.815000,0.075000,100.815,81.500,81.081,81.416,SS,Amazing Specialist,261,14.508060033351864,14.508060033351864,シルバーランカー,
22_斎宮宗_グラフ_熱血☆流星忍法帖.PNG,OK,3,0.081395,0.796512,0.122093,100.797,79.651,80.000,79.721,S+,All Round Player,390,21.678710394663703,21.678710394663703,ブロンズランカー,
22_斎宮宗_グラフ_瞬きSign☆.PNG,OK,3,0.065000,0.820000,0.115000,100.820,82.000,72.222,80.044,SS,Amazing Specialist,366,20.344635908838242,20.344635908838242,ブロンズランカー,
22_斎宮宗_グラフ_終わらないシンフォニア.PNG,OK,3,0.057803,0.763006,0.179191,100.763,76.301,48.780,70.797,AA+,Fast Type,1170,65.0361311839911,65.0361311839911,オレンジランカー,
23049384-1596-436B-A53E-F17736FD6F8D.jpg,OK,3,0.075862,0.731034,0.193103,100.731,73.103,56.410,69.765,AA,Fast Type,1250,69.48304613674263,69.48304613674263,オレンジランカー,
2327BA80-85AC-4D4F-891C-C140C93ADDBA.jpg,OK,3,0.104167,0.694444,0.201389,100.694,69.444,68.182,69.192,AA,Fast Type,1292,71.81767648693719,71.81767648693719,グリーンランカー,
23_影片みか_グラフ_=EYE=.PNG,OK,3,0.040000,0.765000,0.195000,100.765,76.500,34.043,68.009,AA,Fast Type,1359,75.5419677598666,75.5419677598666,グリーンランカー,
23_影片みか_グラフ_Ai☆$!!.png,OK,3,0.125000,0.760000,0.115000,100.760,76.000,95.833,79.967,S+,Balanced Player,372,20.678154530294606,20.678154530294606,ブロンズランカー,
23_影片みか_グラフ_BIGBANG REFLECTION!!.png,OK,3,0.065000,0.735000,0.200000,100.735,73.500,49.057,68.611,AA,Fast Type,1329,73.87437465258478,73.87437465258478,グリーンランカー,
23_影片みか_グラフ_CIVIL WAR.PNG,OK,3,0.040201,0.844221,0.115578,100.844,84.422,51.613,77.860,S,Amazing Specialist,539,29.961089494163424,29.961089494163424,ブロンズランカー,
23_影片みか_グラフ_Dear World(ムービー).PNG,OK,3,0.100000,0.860000,0.040000,100.860,86.000,57.143,80.229,SS,Amazing Specialist,350,19.45525291828794,19.45525291828794,シルバーランカー,
23_影片みか_グラフ_Fight Is Only Fate.png,OK,3,0.140000,0.770000,0.090000,100.770,77.000,78.261,77.252,S,All Round Player,605,33.62979433018344,33.62979433018344,パープルランカー,
23_影片みか_グラフ_FORBIDDEN RAIN.png,OK,3,0.120000,0.790000,0.090000,100.790,79.000,85.714,80.343,SS,All Round Player,343,19.06614785992218,19.06614785992218,シルバーランカー,
23_影片みか_グラフ_It's k(not) lov.PNG,OK,3,0.151163,0.767442,0.081395,100.767,76.744,70.000,75.395,AAA+,Slow Type,777,43.190661478599225,43.190661478599225,パープルランカー,
23_影片みか_グラフ_Joyful×box.PNG,OK,3,0.029070,0.773256,0.197674,100.773,77.326,25.641,66.989,A+,Fast Type,1414,78.59922178988327,78.59922178988327,グリーンランカー,
23_影片みか_グラフ_Rainbow Stairway.png,OK,3,0.040000,0.795000,0.165000,100.795,79.500,39.024,71.405,AA+,Fast Type,1117,62.09005002779322,62.09005002779322,オレンジランカー,
23_影片みか_グラフ_Stranger's Sun.PNG,OK,3,0.165829,0.763819,0.070352,100.764,76.382,59.574,73.020,AAA,Slow Type,983,54.641467481934406,54.641467481934406,レッドランカー,
23_影片みか_グラフ_Unbalanced Triangle.PNG,OK,3,0.085000,0.800000,0.115000,100.800,80.000,85.000,81.000,SS,Amazing Specialist,291,16.175653140633685,16.175653140633685,シルバーランカー,
23_影片みか_グラフ_それは残像の消失店.png,OK,3,0.030000,0.680000,0.290000,100.680,68.000,18.750,58.150,B,Fast Type,1711,95.10839355197331,95.10839355197331,ホワイトランカー,
23_影片みか_グラフ_ゴーゴー・キッチン.PNG,OK,3,0.092486,0.849711,0.057803,100.850,84.971,76.923,83.361,SS+,Amazing Specialist,146,8.11561978877154,8.11561978877154,ゴールドランカー,
23_影片みか_グラフ_スキスキハンター♡(ムービー).PNG,OK,3,0.109827,0.809249,0.080925,100.809,80.925,84.848,81.710,SS,Amazing Specialist,238,13.229571984435799,13.229571984435799,シルバーランカー,
23_影片みか_グラフ_セツナDrops.PNG,OK,3,0.060000,0.765000,0.175000,100.765,76.500,51.064,71.413,AA+,Fast Type,1116,62.034463590883824,62.034463590883824,オレンジランカー,
23_影片みか_グラフ_催花雨の片道切符.png,OK,3,0.089552,0.786070,0.124378,100.786,78.607,83.721,79.630,S+,All Round Player,397,22.06781545302946,22.06781545302946,ブロンズランカー,
23_影片みか_グラフ_僕のウィーク・ポイント.PNG,OK,3,0.046243,0.878613,0.075145,100.879,87.861,76.190,85.527,SSS,Amazing Specialist,67,3.7242912729294053,3.7242912729294053,プラチナランカー,
23_影片みか_グラフ_僕の気持ちを描く.png,OK,3,0.050000,0.810000,0.140000,100.810,81.000,52.632,75.326,AAA+,Amazing Specialist,782,43.468593663146194,43.468593663146194,パープルランカー,
23_影片みか_グラフ_朧.png,OK,3,0.104478,0.766169,0.129353,100.766,76.617,89.362,79.166,S+,Balanced Player,433,24.06892718176765,24.06892718176765,ブロンズランカー,
23_影片みか_グラフ_熱血☆流星忍法帖.PNG,OK,3,0.219653,0.705202,0.075145,100.705,70.520,50.980,66.612,A+,Slow Type,1434,79.71095052807115,79.71095052807115,グリーンランカー,
23_影片みか_グラフ_終わらないシンフォニア.PNG,OK,3,0.080460,0.804598,0.114943,100.805,80.460,82.353,80.838,SS,Amazing Specialist,307,17.06503613118399,17.06503613118399,シルバーランカー,
24_葵ひなた_グラフ_=EYE=.PNG,OK,3,0.040000,0.775000,0.185000,100.775,77.500,35.556,69.111,AA,Fast Type,1299,72.20678154530295,72.20678154530295,グリーンランカー,
24_葵ひなた_グラフ_BIGBANG REFLECTION!!.png,OK,3,0.119403,0.761194,0.119403,100.761,76.119,100.000,80.896,SS,Balanced Player,300,16.67593107281823,16.67593107281823,シルバーランカー,
24_葵ひなた_グラフ_Dear World(ムービー).PNG,OK,3,0.105000,0.865000,0.030000,100.865,86.500,44.444,78.089,S+,Amazing Specialist,520,28.904947192884933,28.904947192884933,ブロンズランカー,
24_葵ひなた_グラフ_Deep into you.PNG,OK,3,0.052023,0.797688,0.150289,100.798,79.769,51.429,74.101,AAA+,Fast Type,893,49.63868816008894,49.63868816008894,パープルランカー,
24_葵ひなた_グラフ_Fight Is Only Fate.png,OK,3,0.064677,0.751244,0.184080,100.751,75.124,52.000,70.500,AA+,Fast Type,1194,66.37020566981656,66.37020566981656,オレンジランカー,
24_葵ひなた_グラフ_Graceful Punishment.PNG,OK,3,0.150289,0.763006,0.086705,100.763,76.301,73.171,75.675,AAA+,All Round Player,750,41.68982768204558,41.68982768204558,パープルランカー,
24_葵ひなた_グラフ_It's k(not) lov.PNG,OK,3,0.093023,0.784884,0.122093,100.785,78.488,86.486,80.088,SS,All Round Player,362,20.122290161200667,20.122290161200667,ブロンズランカー,
24_葵ひなた_グラフ_LOUDEST BUGS.png,OK,3,0.160000,0.785000,0.055000,100.785,78.500,51.163,73.033,AAA,Slow Type,981,54.53029460811562,54.53029460811562,レッドランカー,
24_葵ひなた_グラフ_Rainbow Stairway.png,OK,3,0.175000,0.785000,0.040000,100.785,78.500,37.209,70.242,AA+,Slow Type,1208,67.14841578654807,67.14841578654807,オレンジランカー,
24_葵ひなた_グラフ_Unbalanced Triangle.PNG,OK,3,0.090000,0.795000,0.115000,100.795,79.500,87.805,81.161,SS,Balanced Player,282,15.675375208449138,15.675375208449138,シルバーランカー,
24_葵ひなた_グラフ_それは残像の消失店.png,OK,3,0.045000,0.750000,0.205000,100.750,75.000,36.000,67.200,A+,Fast Type,1403,77.98777098387994,77.98777098387994,グリーンランカー,
24_葵ひなた_グラフ_ゴーゴー・キッチン.PNG,OK,3,0.040698,0.854651,0.104651,100.855,85.465,56.000,79.572,S+,Amazing Specialist,401,22.29016120066704,22.29016120066704,ブロンズランカー,
24_葵ひなた_グラフ_サヨナラ・ヘヴン.png,OK,3,0.110000,0.800000,0.090000,100.800,80.000,90.000,82.000,SS+,Precision Master,226,12.562534741523068,12.562534741523068,シルバーランカー,
24_葵ひなた_グラフ_スキスキハンター♡(ムービー).PNG,OK,3,0.075581,0.773256,0.151163,100.773,77.326,66.667,75.194,AAA+,Fast Type,795,44.191217342968315,44.191217342968315,パープルランカー,
24_葵ひなた_グラフ_セイクリッド ルイン.PNG,OK,3,0.086705,0.815029,0.098266,100.815,81.503,93.750,83.952,SS+,Precision Master,123,6.837131739855476,6.837131739855476,プラチナランカー,
24_葵ひなた_グラフ_催花雨の片道切符.png,OK,3,0.050000,0.725000,0.225000,100.725,72.500,36.364,65.273,A,Fast Type,1508,83.82434685936632,83.82434685936632,ブルーランカー,
24_葵ひなた_グラフ_僕のウィーク・ポイント.PNG,OK,3,0.028902,0.838150,0.132948,100.838,83.815,35.714,74.195,AAA+,Amazing Specialist,887,49.305169538632576,49.305169538632576,パープルランカー,
24_葵ひなた_グラフ_僕の気持ちを描く.png,OK,3,0.050000,0.800000,0.150000,100.800,80.000,50.000,74.000,AAA+,Amazing Specialist,903,50.19455252918288,50.19455252918288,レッドランカー,
24_葵ひなた_グラフ_瞬きSign☆.PNG,OK,3,0.065327,0.804020,0.130653,100.804,80.402,66.667,77.655,S,Amazing Specialist,564,31.350750416898276,31.350750416898276,パープルランカー,
24_葵ひなた_グラフ_終わらないシンフォニア.PNG,OK,3,0.017341,0.647399,0.335260,100.647,64.740,9.836,53.759,C,Fast Type,1767,98.22123401889938,98.22123401889938,ホワイトランカー,
24C028C0-4B10-451A-BED5-BCFE0632DE65.jpeg,OK,3,0.131034,0.806897,0.062069,100.807,80.690,64.286,77.409,S,Amazing Specialist,590,32.79599777654252,32.79599777654252,パープルランカー,
25_葵ゆうた_グラフ_=EYE=.PNG,OK,3,0.020000,0.795000,0.185000,100.795,79.500,19.512,67.502,A+,Fast Type,1387,77.09838799332964,77.09838799332964,グリーンランカー,
25_葵ゆうた_グラフ_BIGBANG REFLECTION!!.png,OK,3,0.120000,0.770000,0.110000,100.770,77.000,95.652,80.730,SS,Balanced Player,313,17.398554752640354,17.398554752640354,シルバーランカー,
25_葵ゆうた_グラフ_Dear World(ムービー).PNG,OK,3,0.070000,0.870000,0.060000,100.870,87.000,92.308,88.062,SSS+,Precision Master,12,0.6670372429127293,0.6670372429127293,レインボーランカー,
25_葵ゆうた_グラフ_Fight Is Only Fate.png,OK,3,0.050000,0.785000,0.165000,100.785,78.500,46.512,72.102,AAA,Fast Type,1061,58.97720956086715,58.97720956086715,レッドランカー,
25_葵ゆうた_グラフ_Joyful×box.PNG,OK,3,0.052023,0.780347,0.167630,100.780,78.035,47.368,71.901,AA+,Fast Type,1081,60.08893829905503,60.08893829905503,オレンジランカー,
25_葵ゆうた_グラフ_Rainbow Stairway.png,OK,3,0.020000,0.715000,0.265000,100.715,71.500,14.035,60.007,BB,Fast Type,1664,92.4958310172318,92.4958310172318,ホワイトランカー,
25_葵ゆうた_グラフ_The・プリティカルパレード♪.PNG,OK,3,0.070000,0.820000,0.110000,100.820,82.000,77.778,81.156,SS,Amazing Specialist,283,15.730961645358532,15.730961645358532,シルバーランカー,
25_葵ゆうた_グラフ_Unbalanced Triangle.PNG,OK,3,0.069652,0.791045,0.139303,100.791,79.104,66.667,76.617,S,Fast Type,666,37.02056698165648,37.02056698165648,パープルランカー,
25_葵ゆうた_グラフ_きたさいたま2000.PNG,OK,3,0.052023,0.768786,0.179191,100.769,76.879,45.000,70.503,AA+,Fast Type,1192,66.25903279599777,66.25903279599777,オレンジランカー,
25_葵ゆうた_グラフ_それは残像の消失店.png,OK,3,0.060000,0.760000,0.180000,100.760,76.000,50.000,70.800,AA+,Fast Type,1169,64.98054474708171,64.98054474708171,オレンジランカー,
25_葵ゆうた_グラフ_ゴーゴー・キッチン.PNG,OK,3,0.080460,0.844828,0.074713,100.845,84.483,96.296,86.845,SSS+,Precision Master,30,1.6675931072818233,1.6675931072818233,レインボーランカー,
25_葵ゆうた_グラフ_サヨナラ・ヘヴン.png,OK,3,0.100503,0.788945,0.110553,100.789,78.894,95.238,82.163,SS+,Balanced Player,214,11.895497498610338,11.895497498610338,シルバーランカー,
25_葵ゆうた_グラフ_スキスキハンター♡(3DMV).PNG,OK,3,0.109827,0.803468,0.086705,100.803,80.347,88.235,81.925,SS,Precision Master,228,12.673707615341856,12.673707615341856,シルバーランカー,
25_葵ゆうた_グラフ_スキスキハンター♡(ムービー).PNG,OK,3,0.069767,0.784884,0.145349,100.785,78.488,64.865,75.764,AAA+,Fast Type,748,41.578654808226794,41.578654808226794,パープルランカー,
25_葵ゆうた_グラフ_セイクリッド ルイン.PNG,OK,3,0.057803,0.832370,0.109827,100.832,83.237,68.966,80.383,SS,Amazing Specialist,340,18.899388549193997,18.899388549193997,シルバーランカー,
25_葵ゆうた_グラフ_セツナDrops.PNG,OK,3,0.040000,0.745000,0.215000,100.745,74.500,31.373,65.875,A,Fast Type,1479,82.21234018899388,82.21234018899388,ブルーランカー,
25_葵ゆうた_グラフ_催花雨の片道切符.png,OK,3,0.070000,0.765000,0.165000,100.765,76.500,59.574,73.115,AAA,Fast Type,978,54.363535297387436,54.363535297387436,レッドランカー,
25_葵ゆうた_グラフ_僕のウィーク・ポイント.PNG,OK,3,0.069767,0.883721,0.046512,100.884,88.372,80.000,86.698,SSS+,Amazing Specialist,33,1.8343524180100057,1.8343524180100057,レインボーランカー,
25_葵ゆうた_グラフ_僕の気持ちを描く.png,OK,3,0.034826,0.741294,0.223881,100.741,74.129,26.923,64.688,A,Fast Type,1534,85.26959421901056,85.26959421901056,ブルーランカー,
25_葵ゆうた_グラフ_朧.png,OK,3,0.080402,0.763819,0.155779,100.764,76.382,68.085,74.723,AAA+,Fast Type,841,46.74819344080044,46.74819344080044,パープルランカー,
25_葵ゆうた_グラフ_熱血☆流星忍法帖.PNG,OK,3,0.109827,0.757225,0.132948,100.757,75.723,90.476,78.673,S+,Balanced Player,472,26.23679822123402,26.23679822123402,ブロンズランカー,
25_葵ゆうた_グラフ_瞬きSign☆.PNG,OK,3,0.100000,0.830000,0.070000,100.830,83.000,82.353,82.871,SS+,Amazing Specialist,170,9.449694274596999,9.449694274596999,ゴールドランカー,
25_葵ゆうた_グラフ_終わらないシンフォニア.PNG,OK,3,0.046243,0.728324,0.225434,100.728,72.832,34.043,65.074,A,Fast Type,1521,84.54697053918844,84.54697053918844,ブルーランカー,
266949AD-D42E-4DCA-ABAA-D2EBA2C41868.jpeg,OK,3,0.124294,0.683616,0.192090,100.684,68.362,78.571,70.404,AA+,All Round Player,1200,66.70372429127292,66.70372429127292,オレンジランカー,
26_天城燐音_グラフ_=EYE=.PNG,OK,3,0.025126,0.778894,0.195980,100.779,77.889,22.727,66.857,A+,Fast Type,1422,79.04391328515842,79.04391328515842,グリーンランカー,
26_天城燐音_グラフ_CIVIL WAR.PNG,OK,3,0.050000,0.850000,0.100000,100.850,85.000,66.667,81.333,SS,Amazing Specialist,271,15.063924402445803,15.063924402445803,シルバーランカー,
26_天城燐音_グラフ_Dear World(3DMV).PNG,OK,3,0.060000,0.880000,0.060000,100.880,88.000,100.000,90.400,SSS+,Precision Master,2,0.11117287381878821,0.11117287381878821,レインボーランカー,
26_天城燐音_グラフ_Dear World(ムービー).PNG,OK,3,0.080402,0.864322,0.055276,100.864,86.432,81.481,85.442,SSS,Amazing Specialist,71,3.9466370205669814,3.9466370205669814,プラチナランカー,
26_天城燐音_グラフ_Deep into you.PNG,OK,3,0.075145,0.832370,0.092486,100.832,83.237,89.655,84.521,SSS,Precision Master,95,5.28071150639244,5.28071150639244,プラチナランカー,
26_天城燐音_グラフ_Fight Is Only Fate.png,OK,3,0.120603,0.788945,0.090452,100.789,78.894,85.714,80.258,SS,All Round Player,349,19.399666481378546,19.399666481378546,シルバーランカー,
26_天城燐音_グラフ_FORBIDDEN RAIN.png,OK,3,0.080402,0.793970,0.125628,100.794,79.397,78.049,79.127,S+,All Round Player,435,24.180100055586436,24.180100055586436,ブロンズランカー,
26_天城燐音_グラフ_Rainbow Stairway.png,OK,3,0.019704,0.591133,0.389163,100.591,59.113,9.639,49.218,E,Fast Type,1786,99.27737632017788,99.27737632017788,ホワイトランカー,
26_天城燐音_グラフ_Stranger's Sun.PNG,OK,3,0.120000,0.700000,0.180000,100.700,70.000,80.000,72.000,AAA,All Round Player,1071,59.53307392996109,59.53307392996109,レッドランカー,
26_天城燐音_グラフ_The・プリティカルパレード♪.PNG,OK,3,0.129353,0.825871,0.044776,100.826,82.587,51.429,76.355,S,Amazing Specialist,691,38.410227904391334,38.410227904391334,パープルランカー,
26_天城燐音_グラフ_Unbalanced Triangle.PNG,OK,3,0.050000,0.795000,0.155000,100.795,79.500,48.780,73.356,AAA,Fast Type,960,53.362979433018346,53.362979433018346,レッドランカー,
26_天城燐音_グラフ_きたさいたま2000.PNG,OK,3,0.034884,0.761628,0.203488,100.762,76.163,29.268,66.784,A+,Fast Type,1425,79.2106725958866,79.2106725958866,グリーンランカー,
26_天城燐音_グラフ_それは残像の消失店.png,OK,3,0.195000,0.745000,0.060000,100.745,74.500,47.059,69.012,AA,Slow Type,1304,72.48471372984991,72.48471372984991,グリーンランカー,
26_天城燐音_グラフ_ゴーゴー・キッチン.PNG,OK,3,0.052023,0.855491,0.092486,100.855,85.549,72.000,82.839,SS+,Amazing Specialist,172,9.560867148415786,9.560867148415786,ゴールドランカー,
26_天城燐音_グラフ_サヨナラ・ヘヴン.png,OK,3,0.089552,0.771144,0.139303,100.771,77.114,78.261,77.344,S,All Round Player,598,33.24068927181767,33.24068927181767,パープルランカー,
26_天城燐音_グラフ_スキスキハンター♡(ムービー).PNG,OK,3,0.080925,0.797688,0.121387,100.798,79.769,80.000,79.815,S+,All Round Player,384,21.345191773207336,21.345191773207336,ブロンズランカー,
26_天城燐音_グラフ_セツナDrops.PNG,OK,3,0.045226,0.783920,0.170854,100.784,78.392,41.860,71.086,AA+,Fast Type,1144,63.590883824346854,63.590883824346854,オレンジランカー,
26_天城燐音_グラフ_プロローグのそのあとへ.png,OK,3,0.085427,0.793970,0.120603,100.794,79.397,82.927,80.103,SS,All Round Player,361,20.066703724291273,20.066703724291273,ブロンズランカー,
26_天城燐音_グラフ_僕の気持ちを描く.png,OK,3,0.070000,0.805000,0.125000,100.805,80.500,71.795,78.759,S+,Amazing Specialist,468,26.014452473596446,26.014452473596446,ブロンズランカー,
26_天城燐音_グラフ_朧.png,OK,3,0.105000,0.770000,0.125000,100.770,77.000,91.304,79.861,S+,Balanced Player,382,21.23401889938855,21.23401889938855,ブロンズランカー,
26_天城燐音_グラフ_熱血☆流星忍法帖.PNG,OK,3,0.069364,0.763006,0.167630,100.763,76.301,58.537,72.748,AAA,Fast Type,1010,56.14230127848805,56.14230127848805,レッドランカー,
26_天城燐音_グラフ_瞬きSign☆.PNG,OK,3,0.055000,0.840000,0.105000,100.840,84.000,68.750,80.950,SS,Amazing Specialist,295,16.39799888827126,16.39799888827126,シルバーランカー,
26_天城燐音_グラフ_終わらないシンフォニア.PNG,OK,3,0.173410,0.751445,0.075145,100.751,75.145,60.465,72.209,AAA,Slow Type,1052,58.47693162868261,58.47693162868261,レッドランカー,
26F49AD7-AA6A-4CF2-91FB-523DC5986162.jpeg,OK,3,0.087379,0.747573,0.165049,100.748,74.757,69.231,73.652,AAA,Fast Type,932,51.806559199555316,51.806559199555316,レッドランカー,
27_HiMERU_グラフ_=EYE=.PNG,OK,3,0.030000,0.740000,0.230000,100.740,74.000,23.077,63.815,BBB,Fast Type,1568,87.15953307392996,87.15953307392996,ブルーランカー,
27_HiMERU_グラフ_BIGBANG REFLECTION!!.png,OK,3,0.080000,0.740000,0.180000,100.740,74.000,61.538,71.508,AA+,Fast Type,1107,61.53418565869928,61.53418565869928,オレンジランカー,
27_HiMERU_グラフ_CIVIL WAR.PNG,OK,3,0.025000,0.840000,0.135000,100.840,84.000,31.250,73.450,AAA,Amazing Specialist,954,53.02946081156198,53.02946081156198,レッドランカー,
27_HiMERU_グラフ_Dear World(3DMV).PNG,OK,3,0.060302,0.869347,0.070352,100.869,86.935,92.308,88.009,SSS+,Precision Master,13,0.7226236798221234,0.7226236798221234,レインボーランカー,
27_HiMERU_グラフ_Dear World(ムービー).PNG,OK,3,0.095000,0.860000,0.045000,100.860,86.000,64.286,81.657,SS,Amazing Specialist,243,13.507504168982768,13.507504168982768,シルバーランカー,
27_HiMERU_グラフ_Deep into you.PNG,OK,3,0.098266,0.843931,0.057803,100.844,84.393,74.074,82.329,SS+,Amazing Specialist,203,11.284046692607005,11.284046692607005,シルバーランカー,
27_HiMERU_グラフ_Fight Is Only Fate.png,OK,3,0.055000,0.800000,0.145000,100.800,80.000,55.000,75.000,AAA+,Amazing Specialist,807,44.85825458588105,44.85825458588105,パープルランカー,
27_HiMERU_グラフ_Graceful Punishment.PNG,OK,3,0.087209,0.837209,0.075581,100.837,83.721,92.857,85.548,SSS,Precision Master,64,3.5575319622012227,3.5575319622012227,プラチナランカー,
27_HiMERU_グラフ_It's k(not) lov.PNG,OK,3,0.121387,0.757225,0.121387,100.757,75.723,100.000,80.578,SS,Balanced Player,322,17.898832684824903,17.898832684824903,シルバーランカー,
27_HiMERU_グラフ_Joyful×box.PNG,OK,3,0.034884,0.790698,0.174419,100.791,79.070,33.333,69.922,AA,Fast Type,1238,68.8160088938299,68.8160088938299,オレンジランカー,
27_HiMERU_グラフ_Rainbow Stairway.png,OK,3,0.079602,0.791045,0.129353,100.791,79.104,76.190,78.522,S+,All Round Player,485,26.959421901056142,26.959421901056142,ブロンズランカー,
27_HiMERU_グラフ_Stranger's Sun.PNG,OK,3,0.119403,0.766169,0.114428,100.766,76.617,97.872,80.868,SS,Balanced Player,303,16.842690383546415,16.842690383546415,シルバーランカー,
27_HiMERU_グラフ_The・プリティカルパレード♪.PNG,OK,3,0.045000,0.825000,0.130000,100.825,82.500,51.429,76.286,S,Amazing Specialist,695,38.63257365202891,38.63257365202891,パープルランカー,
27_HiMERU_グラフ_Unbalanced Triangle.PNG,OK,3,0.080402,0.809045,0.110553,100.809,80.905,84.211,81.566,SS,Amazing Specialist,250,13.896609227348527,13.896609227348527,シルバーランカー,
27_HiMERU_グラフ_らびゅ&ピース伝説.PNG,OK,3,0.156069,0.809249,0.034682,100.809,80.925,36.364,72.013,AAA,Amazing Specialist,1065,59.19955530850473,59.19955530850473,レッドランカー,
27_HiMERU_グラフ_ゴーゴー・キッチン.PNG,OK,3,0.052023,0.826590,0.121387,100.827,82.659,60.000,78.127,S+,Amazing Specialist,512,28.46025569760978,28.46025569760978,ブロンズランカー,
27_HiMERU_グラフ_スキスキハンター♡(ムービー).PNG,OK,3,0.104046,0.791908,0.104046,100.792,79.191,100.000,83.353,SS+,Balanced Player,147,8.171206225680933,8.171206225680933,ゴールドランカー,
27_HiMERU_グラフ_セイクリッド ルイン.PNG,OK,3,0.052023,0.803468,0.144509,100.803,80.347,52.941,74.866,AAA+,Amazing Specialist,823,45.74763757643135,45.74763757643135,パープルランカー,
27_HiMERU_グラフ_セツナDrops.PNG,OK,3,0.035000,0.785000,0.180000,100.785,78.500,32.558,69.312,AA,Fast Type,1280,71.15063924402446,71.15063924402446,グリーンランカー,
27_HiMERU_グラフ_催花雨の片道切符.png,OK,3,0.040000,0.680000,0.280000,100.680,68.000,25.000,59.400,B,Fast Type,1684,93.60755975541967,93.60755975541967,ホワイトランカー,
27_HiMERU_グラフ_僕のウィーク・ポイント.PNG,OK,3,0.081395,0.860465,0.058140,100.860,86.047,83.333,85.504,SSS,Amazing Specialist,68,3.7798777098387992,3.7798777098387992,プラチナランカー,
27_HiMERU_グラフ_僕の気持ちを描く.png,OK,3,0.040000,0.730000,0.230000,100.730,73.000,29.630,64.326,A,Fast Type,1543,85.7698721511951,85.7698721511951,ブルーランカー,
27_HiMERU_グラフ_熱血☆流星忍法帖.PNG,OK,3,0.127168,0.751445,0.121387,100.751,75.145,97.674,79.650,S+,Balanced Player,396,22.012229016120067,22.012229016120067,ブロンズランカー,
27_HiMERU_グラフ_瞬きSign☆.PNG,OK,3,0.115578,0.809045,0.075377,100.809,80.905,78.947,80.513,SS,Amazing Specialist,326,18.12117843246248,18.12117843246248,シルバーランカー,
27_HiMERU_グラフ_終わらないシンフォニア.PNG,OK,3,0.028902,0.682081,0.289017,100.682,68.208,18.182,58.203,B,Fast Type,1708,94.94163424124513,94.94163424124513,ホワイトランカー,
284753FB-8812-401A-B7F4-FC0762B1297B.png,OK,3,0.322222,0.622222,0.055556,100.622,62.222,29.412,55.660,CC,Slow Type,1747,97.1095052807115,97.1095052807115,ホワイトランカー,
28_桜河こはく_グラフ_=EYE=.PNG,OK,3,0.075377,0.778894,0.145729,100.779,77.889,68.182,75.948,AAA+,Fast Type,729,40.5225125069483,40.5225125069483,パープルランカー,
28_桜河こはく_グラフ_Ai☆$!!.png,OK,3,0.120000,0.775000,0.105000,100.775,77.500,93.333,80.667,SS,Balanced Player,315,17.509727626459142,17.509727626459142,シルバーランカー,
28_桜河こはく_グラフ_Dear World(3DMV).PNG,OK,3,0.070000,0.860000,0.070000,100.860,86.000,100.000,88.800,SSS+,Precision Master,7,0.38910505836575876,0.38910505836575876,レインボーランカー,
28_桜河こはく_グラフ_Dear World(ムービー).PNG,OK,3,0.060302,0.894472,0.045226,100.894,89.447,85.714,88.701,SSS+,Amazing Specialist,8,0.44469149527515284,0.44469149527515284,レインボーランカー,
28_桜河こはく_グラフ_Deep into you.PNG,OK,3,0.086705,0.820809,0.092486,100.821,82.081,96.774,85.020,SSS,Precision Master,81,4.502501389660923,4.502501389660923,プラチナランカー,
28_桜河こはく_グラフ_Fight Is Only Fate.png,OK,3,0.074627,0.746269,0.179104,100.746,74.627,58.824,71.466,AA+,Fast Type,1112,61.81211784324625,61.81211784324625,オレンジランカー,
28_桜河こはく_グラフ_FORBIDDEN RAIN.png,OK,3,0.104478,0.786070,0.109453,100.786,78.607,97.674,82.420,SS+,Balanced Player,197,10.95052807115064,10.95052807115064,シルバーランカー,
28_桜河こはく_グラフ_Joyful×box.PNG,OK,3,0.023256,0.761628,0.215116,100.762,76.163,19.512,64.833,A,Fast Type,1528,84.9360755975542,84.9360755975542,ブルーランカー,
28_桜河こはく_グラフ_Rainbow Stairway.png,OK,3,0.040000,0.755000,0.205000,100.755,75.500,32.653,66.931,A+,Fast Type,1415,78.65480822679267,78.65480822679267,グリーンランカー,
28_桜河こはく_グラフ_Stranger's Sun.PNG,OK,3,0.045000,0.720000,0.235000,100.720,72.000,32.143,64.029,A,Fast Type,1556,86.49249583101724,86.49249583101724,ブルーランカー,
28_桜河こはく_グラフ_The・プリティカルパレード♪.PNG,OK,3,0.070000,0.795000,0.135000,100.795,79.500,68.293,77.259,S,Fast Type,604,33.574207893274036,33.574207893274036,パープルランカー,
28_桜河こはく_グラフ_きたさいたま2000.PNG,OK,3,0.034682,0.687861,0.277457,100.688,68.786,22.222,59.473,B,Fast Type,1677,93.21845469705391,93.21845469705391,ホワイトランカー,
28_桜河こはく_グラフ_それは残像の消失店.png,OK,3,0.065000,0.730000,0.205000,100.730,73.000,48.148,68.030,AA,Fast Type,1357,75.4307948860478,75.4307948860478,グリーンランカー,
28_桜河こはく_グラフ_サヨナラ・ヘヴン.png,OK,3,0.140000,0.775000,0.085000,100.775,77.500,75.556,77.111,S,All Round Player,615,34.185658699277376,34.185658699277376,パープルランカー,
28_桜河こはく_グラフ_スキスキハンター♡(3DMV).PNG,OK,3,0.045977,0.764368,0.189655,100.764,76.437,39.024,68.954,AA,Fast Type,1306,72.5958866036687,72.5958866036687,グリーンランカー,
28_桜河こはく_グラフ_セイクリッド ルイン.PNG,OK,3,0.093023,0.825581,0.081395,100.826,82.558,93.333,84.713,SSS,Precision Master,92,5.1139521956642575,5.1139521956642575,プラチナランカー,
28_桜河こはく_グラフ_セツナDrops.PNG,OK,3,0.080402,0.768844,0.150754,100.769,76.884,69.565,75.421,AAA+,Fast Type,774,43.02390216787104,43.02390216787104,パープルランカー,
28_桜河こはく_グラフ_催花雨の片道切符.png,OK,3,0.065327,0.713568,0.221106,100.714,71.357,45.614,66.208,A+,Fast Type,1456,80.93385214007782,80.93385214007782,ブルーランカー,
28_桜河こはく_グラフ_僕の気持ちを描く.png,OK,3,0.055000,0.790000,0.155000,100.790,79.000,52.381,73.676,AAA,Fast Type,929,51.639799888827135,51.639799888827135,レッドランカー,
28_桜河こはく_グラフ_朧.png,OK,3,0.094527,0.741294,0.164179,100.741,74.129,73.077,73.919,AAA,All Round Player,910,50.583657587548636,50.583657587548636,レッドランカー,
28_桜河こはく_グラフ_瞬きSign☆.PNG,OK,3,0.080000,0.845000,0.075000,100.845,84.500,96.774,86.955,SSS+,Precision Master,29,1.6120066703724294,1.6120066703724294,レインボーランカー,
28_桜河こはく_グラフ_終わらないシンフォニア.PNG,OK,3,0.110465,0.813953,0.075581,100.814,81.395,81.250,81.366,SS,Amazing Specialist,267,14.841578654808227,14.841578654808227,シルバーランカー,
29_椎名ニキ_グラフ_=EYE=.PNG,OK,3,0.034826,0.796020,0.169154,100.796,79.602,34.146,70.511,AA+,Fast Type,1191,66.20344635908837,66.20344635908837,オレンジランカー,
29_椎名ニキ_グラフ_Ai☆$!!.png,OK,3,0.110553,0.768844,0.120603,100.769,76.884,95.652,80.638,SS,Balanced Player,317,17.620900500277934,17.620900500277934,シルバーランカー,
29_椎名ニキ_グラフ_CIVIL WAR.PNG,OK,3,0.045226,0.859296,0.095477,100.859,85.930,64.286,81.601,SS,Amazing Specialist,246,13.674263479710952,13.674263479710952,シルバーランカー,
29_椎名ニキ_グラフ_Dear World(3DMV).PNG,OK,3,0.035000,0.860000,0.105000,100.860,86.000,50.000,78.800,S+,Amazing Specialist,466,25.903279599777658,25.903279599777658,ブロンズランカー,
29_椎名ニキ_グラフ_Dear World(ムービー).PNG,OK,3,0.044776,0.796020,0.159204,100.796,79.602,43.902,72.462,AAA,Fast Type,1032,57.365202890494714,57.365202890494714,レッドランカー,
29_椎名ニキ_グラフ_Deep into you.PNG,OK,3,0.052023,0.815029,0.132948,100.815,81.503,56.250,76.452,S,Amazing Specialist,680,37.798777098387994,37.798777098387994,パープルランカー,
29_椎名ニキ_グラフ_FORBIDDEN RAIN.png,OK,3,0.100503,0.798995,0.100503,100.799,79.899,100.000,83.920,SS+,Balanced Player,125,6.948304613674264,6.948304613674264,プラチナランカー,
29_椎名ニキ_グラフ_It's k(not) lov.PNG,OK,3,0.063953,0.779070,0.156977,100.779,77.907,57.895,73.905,AAA,Fast Type,912,50.694830461367424,50.694830461367424,レッドランカー,
29_椎名ニキ_グラフ_LOUDEST BUGS.png,OK,3,0.095477,0.824121,0.080402,100.824,82.412,91.429,84.215,SSS,Precision Master,107,5.947748749305169,5.947748749305169,プラチナランカー,
29_椎名ニキ_グラフ_Rainbow Stairway.png,OK,3,0.025126,0.678392,0.296482,100.678,67.839,15.625,57.396,CCC,Fast Type,1724,95.83101723179544,95.83101723179544,ホワイトランカー,
29_椎名ニキ_グラフ_Stranger's Sun.PNG,OK,3,0.105000,0.790000,0.105000,100.790,79.000,100.000,83.200,SS+,Balanced Player,154,8.560311284046692,8.560311284046692,ゴールドランカー,
29_椎名ニキ_グラフ_Unbalanced Triangle.PNG,OK,3,0.085000,0.810000,0.105000,100.810,81.000,89.474,82.695,SS+,Precision Master,180,10.00555864369094,10.00555864369094,シルバーランカー,
29_椎名ニキ_グラフ_きたさいたま2000.PNG,OK,3,0.069767,0.837209,0.093023,100.837,83.721,85.714,84.120,SSS,Amazing Specialist,111,6.170094496942746,6.170094496942746,プラチナランカー,
29_椎名ニキ_グラフ_それは残像の消失店.png,OK,3,0.050000,0.690000,0.260000,100.690,69.000,32.258,61.652,BB,Fast Type,1631,90.6614785992218,90.6614785992218,ホワイトランカー,
29_椎名ニキ_グラフ_スキスキハンター♡(3DMV).PNG,OK,3,0.098837,0.808140,0.093023,100.808,80.814,96.970,84.045,SSS,Precision Master,116,6.448026681489718,6.448026681489718,プラチナランカー,
29_椎名ニキ_グラフ_セツナDrops.PNG,OK,3,0.160000,0.710000,0.130000,100.710,71.000,89.655,74.731,AAA+,Balanced Player,840,46.69260700389105,46.69260700389105,パープルランカー,
29_椎名ニキ_グラフ_催花雨の片道切符.png,OK,3,0.044776,0.711443,0.243781,100.711,71.144,31.034,63.122,BBB,Fast Type,1587,88.21567537520845,88.21567537520845,ブルーランカー,
29_椎名ニキ_グラフ_僕のウィーク・ポイント.PNG,OK,3,0.087209,0.877907,0.034884,100.878,87.791,57.143,81.661,SS,Amazing Specialist,242,13.451917732073374,13.451917732073374,シルバーランカー,
29_椎名ニキ_グラフ_朧.png,OK,3,0.084577,0.791045,0.124378,100.791,79.104,80.952,79.474,S+,All Round Player,409,22.73485269594219,22.73485269594219,ブロンズランカー,
29_椎名ニキ_グラフ_熱血☆流星忍法帖.PNG,OK,3,0.093023,0.802326,0.104651,100.802,80.233,94.118,83.010,SS+,Precision Master,166,9.227348526959423,9.227348526959423,ゴールドランカー,
29_椎名ニキ_グラフ_終わらないシンフォニア.PNG,OK,3,0.046243,0.809249,0.144509,100.809,80.925,48.485,74.437,AAA+,Amazing Specialist,873,48.526959421901054,48.526959421901054,パープルランカー,
2_日々樹渉_グラフ_=EYE=.PNG,OK,3,0.045000,0.735000,0.220000,100.735,73.500,33.962,65.592,A,Fast Type,1497,83.21289605336298,83.21289605336298,ブルーランカー,
2_日々樹渉_グラフ_Ai☆$!!.png,OK,3,0.110000,0.760000,0.130000,100.760,76.000,91.667,79.133,S+,Balanced Player,434,24.124513618677042,24.124513618677042,ブロンズランカー,
2_日々樹渉_グラフ_BIGBANG REFLECTION!!.png,OK,3,0.065000,0.705000,0.230000,100.705,70.500,44.068,65.214,A,Fast Type,1513,84.10227904391328,84.10227904391328,ブルーランカー,
2_日々樹渉_グラフ_CIVIL WAR.PNG,OK,3,0.065327,0.854271,0.080402,100.854,85.427,89.655,86.273,SSS+,Precision Master,43,2.3902167871039466,2.3902167871039466,レインボーランカー,
2_日々樹渉_グラフ_Dear World(ムービー).PNG,OK,3,0.050000,0.860000,0.090000,100.860,86.000,71.429,83.086,SS+,Amazing Specialist,161,8.949416342412452,8.949416342412452,ゴールドランカー,
2_日々樹渉_グラフ_Deep into you.PNG,OK,3,0.151163,0.802326,0.046512,100.802,80.233,47.059,73.598,AAA,Amazing Specialist,941,52.30683713173986,52.30683713173986,レッドランカー,
2_日々樹渉_グラフ_FORBIDDEN RAIN.png,OK,3,0.095000,0.755000,0.150000,100.755,75.500,77.551,75.910,AAA+,All Round Player,735,40.856031128404666,40.856031128404666,パープルランカー,
2_日々樹渉_グラフ_It's k(not) lov.PNG,OK,3,0.075145,0.757225,0.167630,100.757,75.723,61.905,72.959,AAA,Fast Type,994,55.252918287937746,55.252918287937746,レッドランカー,
2_日々樹渉_グラフ_Joyful×box.PNG,OK,3,0.092486,0.786127,0.121387,100.786,78.613,86.486,80.187,SS,All Round Player,355,19.73318510283491,19.73318510283491,シルバーランカー,
2_日々樹渉_グラフ_LOUDEST BUGS.png,OK,3,0.070352,0.824121,0.105528,100.824,82.412,80.000,81.930,SS,Amazing Specialist,227,12.618121178432462,12.618121178432462,シルバーランカー,
2_日々樹渉_グラフ_Rainbow Stairway.png,OK,3,0.055276,0.834171,0.110553,100.834,83.417,66.667,80.067,SS,Amazing Specialist,364,20.233463035019454,20.233463035019454,ブロンズランカー,
2_日々樹渉_グラフ_Stranger's Sun.PNG,OK,3,0.060000,0.755000,0.185000,100.755,75.500,48.980,70.196,AA+,Fast Type,1214,67.48193440800445,67.48193440800445,オレンジランカー,
2_日々樹渉_グラフ_ゴーゴー・キッチン.PNG,OK,3,0.069767,0.854651,0.075581,100.855,85.465,96.000,87.572,SSS+,Precision Master,20,1.1117287381878822,1.1117287381878822,レインボーランカー,
2_日々樹渉_グラフ_スキスキハンター♡(3DMV).PNG,OK,3,0.137931,0.787356,0.074713,100.787,78.736,70.270,77.043,S,Slow Type,620,34.463590883824345,34.463590883824345,パープルランカー,
2_日々樹渉_グラフ_スキスキハンター♡(ムービー).PNG,OK,3,0.087209,0.790698,0.122093,100.791,79.070,83.333,79.922,S+,All Round Player,376,20.900500277932185,20.900500277932185,ブロンズランカー,
2_日々樹渉_グラフ_セイクリッド ルイン.PNG,OK,3,0.046243,0.803468,0.150289,100.803,80.347,47.059,73.689,AAA,Amazing Specialist,928,51.58421345191774,51.58421345191774,レッドランカー,
2_日々樹渉_グラフ_セツナDrops.PNG,OK,3,0.065000,0.765000,0.170000,100.765,76.500,55.319,72.264,AAA,Fast Type,1046,58.14341300722624,58.14341300722624,レッドランカー,
2_日々樹渉_グラフ_プロローグのそのあとへ.png,OK,3,0.060000,0.860000,0.080000,100.860,86.000,85.714,85.943,SSS,Amazing Specialist,50,2.7793218454697053,2.7793218454697053,レインボーランカー,
2_日々樹渉_グラフ_催花雨の片道切符.png,OK,3,0.119403,0.746269,0.134328,100.746,74.627,94.118,78.525,S+,Balanced Player,484,26.90383546414675,26.90383546414675,ブロンズランカー,
2_日々樹渉_グラフ_僕のウィーク・ポイント.PNG,OK,3,0.081395,0.866279,0.052326,100.866,86.628,78.261,84.954,SSS,Amazing Specialist,85,4.724847137298499,4.724847137298499,プラチナランカー,
2_日々樹渉_グラフ_僕の気持ちを描く.png,OK,3,0.059701,0.805970,0.134328,100.806,80.597,61.538,76.785,S,Amazing Specialist,649,36.075597554196776,36.075597554196776,パープルランカー,
2_日々樹渉_グラフ_熱血☆流星忍法帖.PNG,OK,3,0.080925,0.751445,0.167630,100.751,75.145,65.116,73.139,AAA,Fast Type,977,54.30794886047804,54.30794886047804,レッドランカー,
2BC2F6F5-2207-4A5E-AE5E-CFBD5245E9DA.png,OK,3,0.077778,0.711111,0.211111,100.711,71.111,53.846,67.658,A+,Fast Type,1378,76.59811006114509,76.59811006114509,グリーンランカー,
2CF028E2-BA1C-4BC3-A9ED-D1FF0B2D5C65.jpeg,OK,3,0.091954,0.729885,0.178161,100.730,72.989,68.085,72.008,AAA,Fast Type,1067,59.310728182323516,59.310728182323516,レッドランカー,
2DB40D9E-7454-4007-9DD1-F172F39CDEF4.jpeg,OK,3,0.296552,0.655172,0.048276,100.655,65.517,28.000,58.014,B,Slow Type,1712,95.1639799888827,95.1639799888827,ホワイトランカー,
2FE469BC-4134-4DD0-B1DE-C9550B5F2E69.png,OK,3,0.089385,0.748603,0.162011,100.749,74.860,71.111,74.110,AAA+,All Round Player,892,49.583101723179546,49.583101723179546,パープルランカー,
30038D53-F6FB-4057-9234-FC1D22D62FFE.png,OK,3,0.284916,0.648045,0.067039,100.648,64.804,38.095,59.463,B,Slow Type,1678,93.27404113396331,93.27404113396331,ホワイトランカー,
30_朔間零_グラフ_=EYE=.PNG,OK,3,0.035000,0.745000,0.220000,100.745,74.500,27.451,65.090,A,Fast Type,1518,84.38021122846025,84.38021122846025,ブルーランカー,
30_朔間零_グラフ_CIVIL WAR.PNG,OK,3,0.025000,0.845000,0.130000,100.845,84.500,32.258,74.052,AAA+,Amazing Specialist,896,49.80544747081712,49.80544747081712,パープルランカー,
30_朔間零_グラフ_Dear World(3DMV).PNG,OK,3,0.025000,0.830000,0.145000,100.830,83.000,29.412,72.282,AAA,Amazing Specialist,1044,58.032240133407456,58.032240133407456,レッドランカー,
30_朔間零_グラフ_FORBIDDEN RAIN.png,OK,3,0.105000,0.755000,0.140000,100.755,75.500,85.714,77.543,S,All Round Player,571,31.739855475264033,31.739855475264033,パープルランカー,
30_朔間零_グラフ_Graceful Punishment.PNG,OK,3,0.086207,0.758621,0.155172,100.759,75.862,71.429,74.975,AAA+,All Round Player,811,45.080600333518625,45.080600333518625,パープルランカー,
30_朔間零_グラフ_It's k(not) lov.PNG,OK,3,0.116279,0.767442,0.116279,100.767,76.744,100.000,81.395,SS,Balanced Player,263,14.619232907170652,14.619232907170652,シルバーランカー,
30_朔間零_グラフ_Joyful×box.PNG,OK,3,0.017341,0.710983,0.271676,100.711,71.098,12.000,59.279,B,Fast Type,1686,93.71873262923846,93.71873262923846,ホワイトランカー,
30_朔間零_グラフ_Rainbow Stairway.png,OK,3,0.035000,0.755000,0.210000,100.755,75.500,28.571,66.114,A+,Fast Type,1465,81.43413007226236,81.43413007226236,ブルーランカー,
30_朔間零_グラフ_The・プリティカルパレード♪.PNG,OK,3,0.065327,0.839196,0.095477,100.839,83.920,81.250,83.386,SS+,Amazing Specialist,143,7.948860478043357,7.948860478043357,ゴールドランカー,
30_朔間零_グラフ_ゴーゴー・キッチン.PNG,OK,3,0.057803,0.855491,0.086705,100.855,85.549,80.000,84.439,SSS,Amazing Specialist,97,5.391884380211229,5.391884380211229,プラチナランカー,
30_朔間零_グラフ_サヨナラ・ヘヴン.png,OK,3,0.130000,0.775000,0.095000,100.775,77.500,84.444,78.889,S+,All Round Player,459,25.514174541411894,25.514174541411894,ブロンズランカー,
30_朔間零_グラフ_スキスキハンター♡(3DMV).PNG,OK,3,0.034682,0.768786,0.196532,100.769,76.879,30.000,67.503,A+,Fast Type,1386,77.04280155642024,77.04280155642024,グリーンランカー,
30_朔間零_グラフ_僕のウィーク・ポイント.PNG,OK,3,0.098266,0.872832,0.028902,100.873,87.283,45.455,78.917,S+,Amazing Specialist,457,25.403001667593106,25.403001667593106,ブロンズランカー,
30_朔間零_グラフ_熱血☆流星忍法帖.PNG,OK,3,0.034682,0.734104,0.231214,100.734,73.410,26.087,63.946,BBB,Fast Type,1558,86.60366870483602,86.60366870483602,ブルーランカー,
30_朔間零_グラフ_終わらないシンフォニア.PNG,OK,3,0.069767,0.773256,0.156977,100.773,77.326,61.538,74.168,AAA+,Fast Type,889,49.416342412451364,49.416342412451364,パープルランカー,
30CD55D2-2376-4AA8-9EF8-56814A740276.jpeg,OK,3,0.048276,0.772414,0.179310,100.772,77.241,42.424,70.278,AA+,Fast Type,1204,66.9260700389105,66.9260700389105,オレンジランカー,
30E5C26E-1D67-4B04-81BB-C7B41D7A75B9.png,OK,3,0.133333,0.750000,0.116667,100.750,75.000,93.333,78.667,S+,Balanced Player,474,26.34797109505281,26.34797109505281,ブロンズランカー,
315E3E47-A666-4A78-89D5-D1831195EE1D.jpeg,OK,3,0.086758,0.621005,0.292237,100.621,62.100,45.783,58.837,B,Fast Type,1699,94.44135630906058,94.44135630906058,ホワイトランカー,
31_羽風薫_グラフ_BIGBANG REFLECTION!!.png,OK,3,0.080000,0.695000,0.225000,100.695,69.500,52.459,66.092,A+,Fast Type,1466,81.48971650917176,81.48971650917176,ブルーランカー,
31_羽風薫_グラフ_CIVIL WAR.PNG,OK,3,0.030000,0.860000,0.110000,100.860,86.000,42.857,77.371,S,Amazing Specialist,593,32.9627570872707,32.9627570872707,パープルランカー,
31_羽風薫_グラフ_Dear World(3DMV).PNG,OK,3,0.050000,0.845000,0.105000,100.845,84.500,64.516,80.503,SS,Amazing Specialist,328,18.232351306281267,18.232351306281267,シルバーランカー,
31_羽風薫_グラフ_Fight Is Only Fate.png,OK,3,0.065000,0.710000,0.225000,100.710,71.000,44.828,65.766,A,Fast Type,1486,82.60144524735964,82.60144524735964,ブルーランカー,
31_羽風薫_グラフ_Graceful Punishment.PNG,OK,3,0.052023,0.809249,0.138728,100.809,80.925,54.545,75.649,AAA+,Amazing Specialist,757,42.07893274041134,42.07893274041134,パープルランカー,
31_羽風薫_グラフ_It's k(not) lov.PNG,OK,3,0.052023,0.745665,0.202312,100.746,74.566,40.909,67.835,A+,Fast Type,1370,76.15341856586993,76.15341856586993,グリーンランカー,
31_羽風薫_グラフ_Joyful×box.PNG,OK,3,0.040462,0.780347,0.179191,100.780,78.035,36.842,69.796,AA,Fast Type,1249,69.42745969983324,69.42745969983324,オレンジランカー,
31_羽風薫_グラフ_LOUDEST BUGS.png,OK,3,0.090452,0.819095,0.090452,100.819,81.910,100.000,85.528,SSS,Precision Master,66,3.6687048360200114,3.6687048360200114,プラチナランカー,
31_羽風薫_グラフ_Rainbow Stairway.png,OK,3,0.019900,0.626866,0.353234,100.627,62.687,10.667,52.283,C,Fast Type,1778,98.83268482490273,98.83268482490273,ホワイトランカー,
31_羽風薫_グラフ_それは残像の消失店.png,OK,3,0.035000,0.720000,0.245000,100.720,72.000,25.000,62.600,BBB,Fast Type,1602,89.04947192884936,89.04947192884936,ブルーランカー,
31_羽風薫_グラフ_らびゅ&ピース伝説.PNG,OK,3,0.115607,0.820809,0.063584,100.821,82.081,70.968,79.858,S+,Amazing Specialist,383,21.289605336297942,21.289605336297942,ブロンズランカー,
31_羽風薫_グラフ_ゴーゴー・キッチン.PNG,OK,3,0.057803,0.826590,0.115607,100.827,82.659,66.667,79.461,S+,Amazing Specialist,411,22.84602556976098,22.84602556976098,ブロンズランカー,
31_羽風薫_グラフ_サヨナラ・ヘヴン.png,OK,3,0.135000,0.800000,0.065000,100.800,80.000,65.000,77.000,S,Amazing Specialist,625,34.741523068371315,34.741523068371315,パープルランカー,
31_羽風薫_グラフ_スキスキハンター♡(3DMV).PNG,OK,3,0.063218,0.793103,0.143678,100.793,79.310,61.111,75.670,AAA+,Fast Type,752,41.80100055586437,41.80100055586437,パープルランカー,
31_羽風薫_グラフ_プロローグのそのあとへ.png,OK,3,0.075000,0.835000,0.090000,100.835,83.500,90.909,84.982,SSS,Precision Master,84,4.669260700389105,4.669260700389105,プラチナランカー,
31_羽風薫_グラフ_催花雨の片道切符.png,OK,3,0.040000,0.720000,0.240000,100.720,72.000,28.571,63.314,BBB,Fast Type,1584,88.04891606448027,88.04891606448027,ブルーランカー,
31_羽風薫_グラフ_僕の気持ちを描く.png,OK,3,0.045000,0.775000,0.180000,100.775,77.500,40.000,70.000,AA+,Fast Type,1230,68.37131739855475,68.37131739855475,オレンジランカー,
31_羽風薫_グラフ_瞬きSign☆.PNG,OK,3,0.060000,0.830000,0.110000,100.830,83.000,70.588,80.518,SS,Amazing Specialist,325,18.065591995553085,18.065591995553085,シルバーランカー,
31_羽風薫_グラフ_終わらないシンフォニア.PNG,OK,3,0.122093,0.813953,0.063953,100.814,81.395,68.750,78.866,S+,Amazing Specialist,462,25.680933852140075,25.680933852140075,ブロンズランカー,
32_大神晃牙_グラフ_Ai☆$!!.png,OK,3,0.089552,0.761194,0.149254,100.761,76.119,75.000,75.896,AAA+,All Round Player,738,41.02279043913285,41.02279043913285,パープルランカー,
32_大神晃牙_グラフ_BIGBANG REFLECTION!!.png,OK,3,0.104478,0.741294,0.154229,100.741,74.129,80.769,75.457,AAA+,All Round Player,771,42.857142857142854,42.857142857142854,パープルランカー,
32_大神晃牙_グラフ_CIVIL WAR.PNG,OK,3,0.030151,0.854271,0.115578,100.854,85.427,41.379,76.618,S,Amazing Specialist,665,36.964980544747085,36.964980544747085,パープルランカー,
32_大神晃牙_グラフ_Fight Is Only Fate.png,OK,3,0.135000,0.785000,0.080000,100.785,78.500,74.419,77.684,S,All Round Player,557,30.961645358532518,30.961645358532518,パープルランカー,
32_大神晃牙_グラフ_FORBIDDEN RAIN.png,OK,3,0.160000,0.770000,0.070000,100.770,77.000,60.870,73.774,AAA,Slow Type,920,51.139521956642575,51.139521956642575,レッドランカー,
32_大神晃牙_グラフ_LOUDEST BUGS.png,OK,3,0.090000,0.830000,0.080000,100.830,83.000,94.118,85.224,SSS,Precision Master,75,4.1689827682045575,4.1689827682045575,プラチナランカー,
32_大神晃牙_グラフ_The・プリティカルパレード♪.PNG,OK,3,0.165000,0.805000,0.030000,100.805,80.500,30.769,70.554,AA+,Amazing Specialist,1188,66.03668704836019,66.03668704836019,オレンジランカー,
32_大神晃牙_グラフ_きたさいたま2000.PNG,OK,3,0.034884,0.802326,0.162791,100.802,80.233,35.294,71.245,AA+,Amazing Specialist,1128,62.70150083379655,62.70150083379655,オレンジランカー,
32_大神晃牙_グラフ_それは残像の消失店.png,OK,3,0.045000,0.670000,0.285000,100.670,67.000,27.273,59.055,B,Fast Type,1692,94.05225125069482,94.05225125069482,ホワイトランカー,
32_大神晃牙_グラフ_らびゅ&ピース伝説.PNG,OK,3,0.075145,0.791908,0.132948,100.792,79.191,72.222,77.797,S,All Round Player,547,30.405780989438576,30.405780989438576,パープルランカー,
32_大神晃牙_グラフ_ゴーゴー・キッチン.PNG,OK,3,0.034884,0.831395,0.133721,100.831,83.140,41.379,74.787,AAA+,Amazing Specialist,833,46.30350194552529,46.30350194552529,パープルランカー,
32_大神晃牙_グラフ_サヨナラ・ヘヴン.png,OK,3,0.109453,0.791045,0.099502,100.791,79.104,95.238,82.331,SS+,Balanced Player,202,11.22846025569761,11.22846025569761,シルバーランカー,
32_大神晃牙_グラフ_スキスキハンター♡(3DMV).PNG,OK,3,0.058140,0.802326,0.139535,100.802,80.233,58.824,75.951,AAA+,Amazing Specialist,727,40.411339633129515,40.411339633129515,パープルランカー,
32_大神晃牙_グラフ_セイクリッド ルイン.PNG,OK,3,0.063953,0.808140,0.127907,100.808,80.814,66.667,77.984,S,Amazing Specialist,531,29.516397998888273,29.516397998888273,ブロンズランカー,
32_大神晃牙_グラフ_催花雨の片道切符.png,OK,3,0.065327,0.703518,0.231156,100.704,70.352,44.068,65.095,A,Fast Type,1517,84.32462479155086,84.32462479155086,ブルーランカー,
32_大神晃牙_グラフ_僕のウィーク・ポイント.PNG,OK,3,0.028902,0.849711,0.121387,100.850,84.971,38.462,75.669,AAA+,Amazing Specialist,753,41.856586992773764,41.856586992773764,パープルランカー,
32_大神晃牙_グラフ_僕の気持ちを描く.png,OK,3,0.044776,0.771144,0.184080,100.771,77.114,39.130,69.518,AA,Fast Type,1263,70.20566981656475,70.20566981656475,グリーンランカー,
32_大神晃牙_グラフ_朧.png,OK,3,0.085000,0.785000,0.130000,100.785,78.500,79.070,78.614,S+,All Round Player,477,26.51473040578099,26.51473040578099,ブロンズランカー,
32_大神晃牙_グラフ_熱血☆流星忍法帖.PNG,OK,3,0.069364,0.791908,0.138728,100.792,79.191,66.667,76.686,S,Fast Type,659,36.631461923290715,36.631461923290715,パープルランカー,
3327CE92-8CFD-43D4-AB06-18C0AA8583E1.jpg,OK,3,0.220690,0.703448,0.075862,100.703,70.345,51.163,66.508,A+,Slow Type,1444,80.26681489716509,80.26681489716509,ブルーランカー,
33_乙狩アドニス_グラフ_=EYE=.PNG,OK,3,0.035000,0.775000,0.190000,100.775,77.500,31.111,68.222,AA,Fast Type,1353,75.20844913841023,75.20844913841023,グリーンランカー,
33_乙狩アドニス_グラフ_BIGBANG REFLECTION!!.png,OK,3,0.045226,0.738693,0.216080,100.739,73.869,34.615,66.019,A+,Fast Type,1468,81.60088938299054,81.60088938299054,ブルーランカー,
33_乙狩アドニス_グラフ_Dear World(3DMV).PNG,OK,3,0.054726,0.840796,0.104478,100.841,84.080,68.750,81.014,SS,Amazing Specialist,290,16.12006670372429,16.12006670372429,シルバーランカー,
33_乙狩アドニス_グラフ_Dear World(ムービー).PNG,OK,3,0.060000,0.885000,0.055000,100.885,88.500,95.652,89.930,SSS+,Precision Master,3,0.16675931072818231,0.16675931072818231,レインボーランカー,
33_乙狩アドニス_グラフ_Deep into you.PNG,OK,3,0.115607,0.832370,0.052023,100.832,83.237,62.069,79.003,S+,Amazing Specialist,446,24.791550861589773,24.791550861589773,ブロンズランカー,
33_乙狩アドニス_グラフ_FORBIDDEN RAIN.png,OK,3,0.114428,0.741294,0.144279,100.741,74.129,88.462,76.996,S,Balanced Player,627,34.8526959421901,34.8526959421901,パープルランカー,
33_乙狩アドニス_グラフ_Graceful Punishment.PNG,OK,3,0.116279,0.808140,0.075581,100.808,80.814,78.788,80.409,SS,Amazing Specialist,338,18.78821567537521,18.78821567537521,シルバーランカー,
33_乙狩アドニス_グラフ_It's k(not) lov.PNG,OK,3,0.080925,0.734104,0.184971,100.734,73.410,60.870,70.902,AA+,Fast Type,1159,64.42468037798777,64.42468037798777,オレンジランカー,
33_乙狩アドニス_グラフ_Joyful×box.PNG,OK,3,0.046243,0.797688,0.156069,100.798,79.769,45.714,72.958,AAA,Fast Type,995,55.30850472484714,55.30850472484714,レッドランカー,
33_乙狩アドニス_グラフ_Stranger's Sun.PNG,OK,3,0.100503,0.783920,0.115578,100.784,78.392,93.023,81.318,SS,Balanced Player,272,15.119510839355197,15.119510839355197,シルバーランカー,
33_乙狩アドニス_グラフ_きたさいたま2000.PNG,OK,3,0.075581,0.802326,0.122093,100.802,80.233,76.471,79.480,S+,Amazing Specialist,408,22.679266259032797,22.679266259032797,ブロンズランカー,
33_乙狩アドニス_グラフ_それは残像の消失店.png,OK,3,0.055276,0.733668,0.211055,100.734,73.367,41.509,66.995,A+,Fast Type,1413,78.54363535297388,78.54363535297388,グリーンランカー,
33_乙狩アドニス_グラフ_ゴーゴー・キッチン.PNG,OK,3,0.075145,0.843931,0.080925,100.844,84.393,96.296,86.774,SSS+,Precision Master,31,1.7231795441912174,1.7231795441912174,レインボーランカー,
33_乙狩アドニス_グラフ_セイクリッド ルイン.PNG,OK,3,0.074713,0.821839,0.103448,100.822,82.184,83.871,82.521,SS+,Amazing Specialist,190,10.56142301278488,10.56142301278488,シルバーランカー,
33_乙狩アドニス_グラフ_セツナDrops.PNG,OK,3,0.065000,0.855000,0.080000,100.855,85.500,89.655,86.331,SSS+,Precision Master,42,2.3346303501945527,2.3346303501945527,レインボーランカー,
33_乙狩アドニス_グラフ_プロローグのそのあとへ.png,OK,3,0.060302,0.793970,0.145729,100.794,79.397,58.537,75.225,AAA+,Fast Type,792,44.02445803224013,44.02445803224013,パープルランカー,
33_乙狩アドニス_グラフ_僕のウィーク・ポイント.PNG,OK,3,0.109827,0.855491,0.034682,100.855,85.549,48.000,78.039,S+,Amazing Specialist,525,29.18287937743191,29.18287937743191,ブロンズランカー,
33_乙狩アドニス_グラフ_僕の気持ちを描く.png,OK,3,0.050251,0.768844,0.180905,100.769,76.884,43.478,70.203,AA+,Fast Type,1213,67.42634797109505,67.42634797109505,オレンジランカー,
33_乙狩アドニス_グラフ_瞬きSign☆.PNG,OK,3,0.050251,0.824121,0.125628,100.824,82.412,57.143,77.358,S,Amazing Specialist,595,33.07392996108949,33.07392996108949,パープルランカー,
34_真白友也_グラフ_=EYE=.PNG,OK,3,0.050251,0.783920,0.165829,100.784,78.392,46.512,72.016,AAA,Fast Type,1063,59.08838243468594,59.08838243468594,レッドランカー,
34_真白友也_グラフ_Ai☆$!!.png,OK,3,0.095000,0.740000,0.165000,100.740,74.000,73.077,73.815,AAA,All Round Player,916,50.917176209005,50.917176209005,レッドランカー,
34_真白友也_グラフ_FORBIDDEN RAIN.png,OK,3,0.115578,0.788945,0.095477,100.789,78.894,90.476,81.211,SS,Balanced Player,279,15.508615897720956,15.508615897720956,シルバーランカー,
34_真白友也_グラフ_Rainbow Stairway.png,OK,3,0.020000,0.745000,0.235000,100.745,74.500,15.686,62.737,BBB,Fast Type,1599,88.88271261812118,88.88271261812118,ブルーランカー,
34_真白友也_グラフ_Stranger's Sun.PNG,OK,3,0.035000,0.730000,0.235000,100.730,73.000,25.926,63.585,BBB,Fast Type,1577,87.65981100611451,87.65981100611451,ブルーランカー,
34_真白友也_グラフ_きたさいたま2000.PNG,OK,3,0.057471,0.821839,0.120690,100.822,82.184,64.516,78.650,S+,Amazing Specialist,476,26.459143968871597,26.459143968871597,ブロンズランカー,
34_真白友也_グラフ_それは残像の消失店.png,OK,3,0.084577,0.771144,0.144279,100.771,77.114,73.913,76.474,S,All Round Player,678,37.687604224569206,37.687604224569206,パープルランカー,
34_真白友也_グラフ_らびゅ&ピース伝説.PNG,OK,3,0.086705,0.832370,0.080925,100.832,83.237,96.552,85.900,SSS,Precision Master,51,2.8349082823790996,2.8349082823790996,レインボーランカー,
34_真白友也_グラフ_ゴーゴー・キッチン.PNG,OK,3,0.034682,0.820809,0.144509,100.821,82.081,38.710,73.407,AAA,Amazing Specialist,956,53.14063368538077,53.14063368538077,レッドランカー,
34_真白友也_グラフ_セツナDrops.PNG,OK,3,0.060000,0.795000,0.145000,100.795,79.500,58.537,75.307,AAA+,Fast Type,785,43.635352973874376,43.635352973874376,パープルランカー,
34_真白友也_グラフ_催花雨の片道切符.png,OK,3,0.064677,0.716418,0.218905,100.716,71.642,45.614,66.436,A+,Fast Type,1445,80.32240133407448,80.32240133407448,ブルーランカー,
34_真白友也_グラフ_僕のウィーク・ポイント.PNG,OK,3,0.046243,0.872832,0.080925,100.873,87.283,72.727,84.372,SSS,Amazing Specialist,100,5.558643690939411,5.558643690939411,プラチナランカー,
34_真白友也_グラフ_朧.png,OK,3,0.075377,0.788945,0.135678,100.789,78.894,71.429,77.401,S,All Round Player,591,32.851584213451915,32.851584213451915,パープルランカー,
34_真白友也_グラフ_熱血☆流星忍法帖.PNG,OK,3,0.116279,0.796512,0.087209,100.797,79.651,85.714,80.864,SS,All Round Player,304,16.89827682045581,16.89827682045581,シルバーランカー,
34_真白友也_グラフ_瞬きSign☆.PNG,OK,3,0.055000,0.825000,0.120000,100.825,82.500,62.857,78.571,S+,Amazing Specialist,482,26.79266259032796,26.79266259032796,ブロンズランカー,
350BB3F9-A4DA-4B90-9C51-EB5302ADC90C.png,OK,3,0.173184,0.726257,0.100559,100.726,72.626,73.469,72.794,AAA,All Round Player,1007,55.97554196775987,55.97554196775987,レッドランカー,
351FDA57-B912-4FCB-8BAA-71FDD9D221CA.jpeg,OK,3,0.089655,0.779310,0.131034,100.779,77.931,81.250,78.595,S+,All Round Player,480,26.681489716509173,26.681489716509173,ブロンズランカー,
3560EE00-DADE-4F50-BFD0-7C174D638C6C.jpeg,OK,3,0.151724,0.786207,0.062069,100.786,78.621,58.065,74.509,AAA+,Slow Type,867,48.19344080044469,48.19344080044469,パープルランカー,
35_仁兎なずな_グラフ_=EYE=.PNG,OK,3,0.055000,0.775000,0.170000,100.775,77.500,48.889,71.778,AA+,Fast Type,1088,60.47804335742079,60.47804335742079,オレンジランカー,
35_仁兎なずな_グラフ_Ai☆$!!.png,OK,3,0.060000,0.785000,0.155000,100.785,78.500,55.814,73.963,AAA,Fast Type,906,50.36131183991106,50.36131183991106,レッドランカー,
35_仁兎なずな_グラフ_BIGBANG REFLECTION!!.png,OK,3,0.145000,0.725000,0.130000,100.725,72.500,94.545,76.909,S,Balanced Player,636,35.352973874374655,35.352973874374655,パープルランカー,
35_仁兎なずな_グラフ_CIVIL WAR.PNG,OK,3,0.030000,0.840000,0.130000,100.840,84.000,37.500,74.700,AAA+,Amazing Specialist,844,46.914952751528624,46.914952751528624,パープルランカー,
35_仁兎なずな_グラフ_Deep into you.PNG,OK,3,0.063584,0.803468,0.132948,100.803,80.347,64.706,77.219,S,Amazing Specialist,606,33.68538076709283,33.68538076709283,パープルランカー,
35_仁兎なずな_グラフ_Fight Is Only Fate.png,OK,3,0.105528,0.788945,0.105528,100.789,78.894,100.000,83.116,SS+,Balanced Player,158,8.782657031684268,8.782657031684268,ゴールドランカー,
35_仁兎なずな_グラフ_Graceful Punishment.PNG,OK,3,0.098266,0.774566,0.127168,100.775,77.457,87.179,79.401,S+,Balanced Player,417,23.179544191217342,23.179544191217342,ブロンズランカー,
35_仁兎なずな_グラフ_It's k(not) lov.PNG,OK,3,0.126437,0.764368,0.109195,100.764,76.437,92.683,79.686,S+,Balanced Player,392,21.78988326848249,21.78988326848249,ブロンズランカー,
35_仁兎なずな_グラフ_LOUDEST BUGS.png,OK,3,0.059701,0.840796,0.099502,100.841,84.080,75.000,82.264,SS+,Amazing Specialist,208,11.561978877153974,11.561978877153974,シルバーランカー,
35_仁兎なずな_グラフ_Stranger's Sun.PNG,OK,3,0.085000,0.740000,0.175000,100.740,74.000,65.385,72.277,AAA,Fast Type,1045,58.08782657031685,58.08782657031685,レッドランカー,
35_仁兎なずな_グラフ_The・プリティカルパレード♪.PNG,OK,3,0.039801,0.825871,0.134328,100.826,82.587,45.714,75.213,AAA+,Amazing Specialist,793,44.08004446914953,44.08004446914953,パープルランカー,
35_仁兎なずな_グラフ_それは残像の消失店.png,OK,3,0.060000,0.735000,0.205000,100.735,73.500,45.283,67.857,A+,Fast Type,1367,75.98665925514175,75.98665925514175,グリーンランカー,
35_仁兎なずな_グラフ_らびゅ&ピース伝説.PNG,OK,3,0.081395,0.784884,0.133721,100.785,78.488,75.676,77.926,S,All Round Player,536,29.794330183435243,29.794330183435243,ブロンズランカー,
35_仁兎なずな_グラフ_ゴーゴー・キッチン.PNG,OK,3,0.017442,0.767442,0.215116,100.767,76.744,15.000,64.395,A,Fast Type,1538,85.49193996664813,85.49193996664813,ブルーランカー,
35_仁兎なずな_グラフ_プロローグのそのあとへ.png,OK,3,0.110000,0.835000,0.055000,100.835,83.500,66.667,80.133,SS,Amazing Specialist,359,19.955530850472485,19.955530850472485,シルバーランカー,
35_仁兎なずな_グラフ_僕のウィーク・ポイント.PNG,OK,3,0.057471,0.833333,0.109195,100.833,83.333,68.966,80.460,SS,Amazing Specialist,331,18.399110617009452,18.399110617009452,シルバーランカー,
35_仁兎なずな_グラフ_朧.png,OK,3,0.130653,0.809045,0.060302,100.809,80.905,63.158,77.355,S,Amazing Specialist,596,33.129516397998884,33.129516397998884,パープルランカー,
35_仁兎なずな_グラフ_熱血☆流星忍法帖.PNG,OK,3,0.046243,0.739884,0.213873,100.740,73.988,35.556,66.302,A+,Fast Type,1450,80.60033351862145,80.60033351862145,ブルーランカー,
35_仁兎なずな_グラフ_終わらないシンフォニア.PNG,OK,3,0.109195,0.804598,0.086207,100.805,80.460,88.235,82.015,SS+,Precision Master,223,12.395775430794886,12.395775430794886,シルバーランカー,
35C3843D-0A2A-4910-9E44-95C32D4F7C6E.jpeg,OK,3,0.116438,0.773973,0.109589,100.774,77.397,96.970,81.312,SS,Balanced Player,273,15.17509727626459,15.17509727626459,シルバーランカー,
361603F5-2C76-4C82-9F01-01BFFC504EB6.png,OK,3,0.139665,0.625698,0.234637,100.626,62.570,74.627,64.981,A,All Round Player,1524,84.71372984991662,84.71372984991662,ブルーランカー,
364C0814-665E-466A-86CD-B2BDF96A4D6E.jpeg,OK,3,0.068966,0.689655,0.241379,100.690,68.966,44.444,64.061,A,Fast Type,1555,86.43690939410784,86.43690939410784,ブルーランカー,
36_天満光_グラフ_=EYE=.PNG,OK,3,0.020000,0.755000,0.225000,100.755,75.500,16.327,63.665,BBB,Fast Type,1575,87.54863813229572,87.54863813229572,ブルーランカー,
36_天満光_グラフ_BIGBANG REFLECTION!!.png,OK,3,0.105000,0.735000,0.160000,100.735,73.500,79.245,74.649,AAA+,All Round Player,851,47.30405780989438,47.30405780989438,パープルランカー,
36_天満光_グラフ_CIVIL WAR.PNG,OK,3,0.040000,0.850000,0.110000,100.850,85.000,53.333,78.667,S+,Amazing Specialist,475,26.403557531962203,26.403557531962203,ブロンズランカー,
36_天満光_グラフ_FORBIDDEN RAIN.png,OK,3,0.070000,0.750000,0.180000,100.750,75.000,56.000,71.200,AA+,Fast Type,1130,62.81267370761534,62.81267370761534,オレンジランカー,
36_天満光_グラフ_Stranger's Sun.PNG,OK,3,0.040201,0.723618,0.236181,100.724,72.362,29.091,63.708,BBB,Fast Type,1573,87.43746525847693,87.43746525847693,ブルーランカー,
36_天満光_グラフ_それは残像の消失店.png,OK,3,0.060000,0.750000,0.190000,100.750,75.000,48.000,69.600,AA,Fast Type,1257,69.87215119510839,69.87215119510839,オレンジランカー,
36_天満光_グラフ_ゴーゴー・キッチン.PNG,OK,3,0.034682,0.803468,0.161850,100.803,80.347,35.294,71.336,AA+,Amazing Specialist,1124,62.479155086158976,62.479155086158976,オレンジランカー,
36_天満光_グラフ_サヨナラ・ヘヴン.png,OK,3,0.085000,0.760000,0.155000,100.760,76.000,70.833,74.967,AAA+,Fast Type,812,45.13618677042802,45.13618677042802,パープルランカー,
36_天満光_グラフ_プロローグのそのあとへ.png,OK,3,0.099502,0.805970,0.094527,100.806,80.597,97.436,83.965,SS+,Precision Master,122,6.781545302946081,6.781545302946081,プラチナランカー,
36_天満光_グラフ_僕のウィーク・ポイント.PNG,OK,3,0.040698,0.860465,0.098837,100.860,86.047,58.333,80.504,SS,Amazing Specialist,327,18.176764869371873,18.176764869371873,シルバーランカー,
36_天満光_グラフ_僕の気持ちを描く.png,OK,3,0.050000,0.740000,0.210000,100.740,74.000,38.462,66.892,A+,Fast Type,1419,78.87715397443024,78.87715397443024,グリーンランカー,
375581E6-27E7-49D5-9F43-B51F39003BA3.jpeg,OK,3,0.118056,0.722222,0.159722,100.722,72.222,85.000,74.778,AAA+,All Round Player,835,46.41467481934408,46.41467481934408,パープルランカー,
37_紫之創_グラフ_=EYE=.PNG,OK,3,0.070000,0.845000,0.085000,100.845,84.500,90.323,85.665,SSS,Precision Master,59,3.2795997776542527,3.2795997776542527,プラチナランカー,
37_紫之創_グラフ_Ai☆$!!.png,OK,3,0.105000,0.750000,0.145000,100.750,75.000,84.000,76.800,S,All Round Player,647,35.96442468037799,35.96442468037799,パープルランカー,
37_紫之創_グラフ_BIGBANG REFLECTION!!.png,OK,3,0.085000,0.770000,0.145000,100.770,77.000,73.913,76.383,S,All Round Player,686,38.13229571984436,38.13229571984436,パープルランカー,
37_紫之創_グラフ_CIVIL WAR.PNG,OK,3,0.055000,0.830000,0.115000,100.830,83.000,64.706,79.341,S+,Amazing Specialist,420,23.346303501945524,23.346303501945524,ブロンズランカー,
37_紫之創_グラフ_Fight Is Only Fate.png,OK,3,0.105528,0.743719,0.150754,100.744,74.372,82.353,75.968,AAA+,All Round Player,725,40.30016675931073,40.30016675931073,パープルランカー,
37_紫之創_グラフ_Graceful Punishment.PNG,OK,3,0.080925,0.820809,0.098266,100.821,82.081,90.323,83.729,SS+,Precision Master,135,7.5041689827682045,7.5041689827682045,ゴールドランカー,
37_紫之創_グラフ_It's k(not) lov.PNG,OK,3,0.081395,0.761628,0.156977,100.762,76.163,68.293,74.589,AAA+,Fast Type,857,47.637576431350745,47.637576431350745,パープルランカー,
37_紫之創_グラフ_Joyful×box.PNG,OK,3,0.075145,0.797688,0.127168,100.798,79.769,74.286,78.672,S+,All Round Player,473,26.292384658143416,26.292384658143416,ブロンズランカー,
37_紫之創_グラフ_LOUDEST BUGS.png,OK,3,0.095000,0.845000,0.060000,100.845,84.500,77.419,83.084,SS+,Amazing Specialist,162,9.005002779321845,9.005002779321845,ゴールドランカー,
37_紫之創_グラフ_それは残像の消失店.png,OK,3,0.045000,0.760000,0.195000,100.760,76.000,37.500,68.300,AA,Fast Type,1349,74.98610339077266,74.98610339077266,グリーンランカー,
37_紫之創_グラフ_らびゅ&ピース伝説.PNG,OK,3,0.156069,0.763006,0.080925,100.763,76.301,68.293,74.699,AAA+,Slow Type,845,46.97053918843802,46.97053918843802,パープルランカー,
37_紫之創_グラフ_催花雨の片道切符.png,OK,3,0.080402,0.778894,0.140704,100.779,77.889,72.727,76.857,S,All Round Player,644,35.797665369649806,35.797665369649806,パープルランカー,
37_紫之創_グラフ_朧.png,OK,3,0.180000,0.755000,0.065000,100.755,75.500,53.061,71.012,AA+,Slow Type,1149,63.86881600889382,63.86881600889382,オレンジランカー,
37_紫之創_グラフ_瞬きSign☆.PNG,OK,3,0.035176,0.819095,0.145729,100.819,81.910,38.889,73.305,AAA,Amazing Specialist,964,53.58532518065592,53.58532518065592,レッドランカー,
37_紫之創_グラフ_終わらないシンフォニア.PNG,OK,3,0.046243,0.699422,0.254335,100.699,69.942,30.769,62.108,BBB,Fast Type,1620,90.05002779321846,90.05002779321846,ホワイトランカー,
389D9845-F6AC-4282-A518-43E4974E6B09.jpg,OK,3,0.200000,0.724138,0.075862,100.724,72.414,55.000,68.931,AA,Slow Type,1307,72.6514730405781,72.6514730405781,グリーンランカー,
38_蓮巳敬人_グラフ_=EYE=.PNG,OK,3,0.030151,0.763819,0.206030,100.764,76.382,25.532,66.212,A+,Fast Type,1455,80.87826570316842,80.87826570316842,ブルーランカー,
38_蓮巳敬人_グラフ_CIVIL WAR.PNG,OK,3,0.030151,0.834171,0.135678,100.834,83.417,36.364,74.006,AAA+,Amazing Specialist,901,50.08337965536409,50.08337965536409,レッドランカー,
38_蓮巳敬人_グラフ_Deep into you.PNG,OK,3,0.086705,0.826590,0.086705,100.827,82.659,100.000,86.127,SSS+,Precision Master,45,2.501389660922735,2.501389660922735,レインボーランカー,
38_蓮巳敬人_グラフ_FORBIDDEN RAIN.png,OK,3,0.080000,0.775000,0.145000,100.775,77.500,71.111,76.222,S,All Round Player,701,38.96609227348527,38.96609227348527,パープルランカー,
38_蓮巳敬人_グラフ_Graceful Punishment.PNG,OK,3,0.086705,0.757225,0.156069,100.757,75.723,71.429,74.864,AAA+,All Round Player,825,45.85881045025014,45.85881045025014,パープルランカー,
38_蓮巳敬人_グラフ_Joyful×box.PNG,OK,3,0.028902,0.815029,0.156069,100.815,81.503,31.250,71.452,AA+,Amazing Specialist,1114,61.923290717065036,61.923290717065036,オレンジランカー,
38_蓮巳敬人_グラフ_Rainbow Stairway.png,OK,3,0.019900,0.711443,0.268657,100.711,71.144,13.793,59.674,B,Fast Type,1672,92.94052251250694,92.94052251250694,ホワイトランカー,
38_蓮巳敬人_グラフ_Stranger's Sun.PNG,OK,3,0.075000,0.755000,0.170000,100.755,75.500,61.224,72.645,AAA,Fast Type,1016,56.47581989994441,56.47581989994441,レッドランカー,
38_蓮巳敬人_グラフ_The・プリティカルパレード♪.PNG,OK,3,0.060000,0.825000,0.115000,100.825,82.500,68.571,79.714,S+,Amazing Specialist,391,21.734296831573097,21.734296831573097,ブロンズランカー,
38_蓮巳敬人_グラフ_Unbalanced Triangle.PNG,OK,3,0.069652,0.800995,0.129353,100.801,80.100,70.000,78.080,S+,Amazing Specialist,522,29.016120066703728,29.016120066703728,ブロンズランカー,
38_蓮巳敬人_グラフ_きたさいたま2000.PNG,OK,3,0.063584,0.815029,0.121387,100.815,81.503,68.750,78.952,S+,Amazing Specialist,453,25.18065591995553,25.18065591995553,ブロンズランカー,
38_蓮巳敬人_グラフ_それは残像の消失店.png,OK,3,0.075000,0.745000,0.180000,100.745,74.500,58.824,71.365,AA+,Fast Type,1122,62.36798221234019,62.36798221234019,オレンジランカー,
38_蓮巳敬人_グラフ_サヨナラ・ヘヴン.png,OK,3,0.095000,0.785000,0.120000,100.785,78.500,88.372,80.474,SS,Balanced Player,330,18.343524180100054,18.343524180100054,シルバーランカー,
38_蓮巳敬人_グラフ_セツナDrops.PNG,OK,3,0.215000,0.725000,0.060000,100.725,72.500,43.636,66.727,A+,Slow Type,1430,79.48860478043358,79.48860478043358,グリーンランカー,
38_蓮巳敬人_グラフ_プロローグのそのあとへ.png,OK,3,0.070352,0.809045,0.120603,100.809,80.905,73.684,79.460,S+,Amazing Specialist,412,22.901612006670373,22.901612006670373,ブロンズランカー,
38_蓮巳敬人_グラフ_催花雨の片道切符.png,OK,3,0.085000,0.745000,0.170000,100.745,74.500,66.667,72.933,AAA,Fast Type,997,55.41967759866593,55.41967759866593,レッドランカー,
38_蓮巳敬人_グラフ_僕の気持ちを描く.png,OK,3,0.045000,0.755000,0.200000,100.755,75.500,36.735,67.747,A+,Fast Type,1374,76.3757643135075,76.3757643135075,グリーンランカー,
38_蓮巳敬人_グラフ_熱血☆流星忍法帖.PNG,OK,3,0.052326,0.709302,0.238372,100.709,70.930,36.000,63.944,BBB,Fast Type,1559,86.65925514174542,86.65925514174542,ブルーランカー,
38_蓮巳敬人_グラフ_瞬きSign☆.PNG,OK,3,0.060302,0.829146,0.110553,100.829,82.915,70.588,80.449,SS,Amazing Specialist,332,18.454697053918846,18.454697053918846,シルバーランカー,
39045DC8-1FE1-4BA2-94B1-FD43AD761C04.png,OK,3,0.111111,0.738889,0.150000,100.739,73.889,85.106,76.132,S,All Round Player,708,39.35519733185103,39.35519733185103,パープルランカー,
3911D3F1-A25A-4CB2-8FB1-8FD27FEA93E3.jpeg,OK,3,0.109589,0.684932,0.205479,100.685,68.493,69.565,68.708,AA,Fast Type,1326,73.7076153418566,73.7076153418566,グリーンランカー,
39_鬼龍紅郎_グラフ_=EYE=.PNG,OK,3,0.030000,0.765000,0.205000,100.765,76.500,25.532,66.306,A+,Fast Type,1449,80.54474708171206,80.54474708171206,ブルーランカー,
39_鬼龍紅郎_グラフ_BIGBANG REFLECTION!!.png,OK,3,0.035176,0.723618,0.241206,100.724,72.362,25.455,62.980,BBB,Fast Type,1591,88.43802112284602,88.43802112284602,ブルーランカー,
39_鬼龍紅郎_グラフ_CIVIL WAR.PNG,OK,3,0.030000,0.835000,0.135000,100.835,83.500,36.364,74.073,AAA+,Amazing Specialist,894,49.69427459699833,49.69427459699833,パープルランカー,
39_鬼龍紅郎_グラフ_Dear World(3DMV).PNG,OK,3,0.050251,0.849246,0.100503,100.849,84.925,66.667,81.273,SS,Amazing Specialist,275,15.28627015008338,15.28627015008338,シルバーランカー,
39_鬼龍紅郎_グラフ_Dear World(ムービー).PNG,OK,3,0.030000,0.855000,0.115000,100.855,85.500,41.379,76.676,S,Amazing Specialist,660,36.68704836020011,36.68704836020011,パープルランカー,
39_鬼龍紅郎_グラフ_FORBIDDEN RAIN.png,OK,3,0.080000,0.800000,0.120000,100.800,80.000,80.000,80.000,SS,Amazing Specialist,369,20.511395219566424,20.511395219566424,ブロンズランカー,
39_鬼龍紅郎_グラフ_Graceful Punishment.PNG,OK,3,0.143678,0.781609,0.074713,100.782,78.161,68.421,76.213,S,Slow Type,703,39.07726514730406,39.07726514730406,パープルランカー,
39_鬼龍紅郎_グラフ_It's k(not) lov.PNG,OK,3,0.092486,0.768786,0.138728,100.769,76.879,80.000,77.503,S,All Round Player,575,31.96220122290161,31.96220122290161,パープルランカー,
39_鬼龍紅郎_グラフ_Stranger's Sun.PNG,OK,3,0.200000,0.715000,0.085000,100.715,71.500,59.649,69.130,AA,Slow Type,1298,72.15119510839355,72.15119510839355,グリーンランカー,
39_鬼龍紅郎_グラフ_きたさいたま2000.PNG,OK,3,0.046243,0.763006,0.190751,100.763,76.301,39.024,68.845,AA,Fast Type,1317,73.20733740967204,73.20733740967204,グリーンランカー,
39_鬼龍紅郎_グラフ_ゴーゴー・キッチン.PNG,OK,3,0.080925,0.855491,0.063584,100.855,85.549,88.000,86.039,SSS+,Precision Master,47,2.612562534741523,2.612562534741523,レインボーランカー,
39_鬼龍紅郎_グラフ_スキスキハンター♡(ムービー).PNG,OK,3,0.098837,0.779070,0.122093,100.779,77.907,89.474,80.220,SS,Balanced Player,351,19.510839355197334,19.510839355197334,シルバーランカー,
39_鬼龍紅郎_グラフ_セイクリッド ルイン.PNG,OK,3,0.040462,0.809249,0.150289,100.809,80.925,42.424,73.225,AAA,Amazing Specialist,970,53.918843802112285,53.918843802112285,レッドランカー,
39_鬼龍紅郎_グラフ_プロローグのそのあとへ.png,OK,3,0.065000,0.845000,0.090000,100.845,84.500,83.871,84.374,SSS,Amazing Specialist,99,5.503057254030017,5.503057254030017,プラチナランカー,
39_鬼龍紅郎_グラフ_僕のウィーク・ポイント.PNG,OK,3,0.023121,0.838150,0.138728,100.838,83.815,28.571,72.766,AAA,Amazing Specialist,1008,56.03112840466926,56.03112840466926,レッドランカー,
39_鬼龍紅郎_グラフ_熱血☆流星忍法帖.PNG,OK,3,0.052023,0.786127,0.161850,100.786,78.613,48.649,72.620,AAA,Fast Type,1017,56.531406336853806,56.531406336853806,レッドランカー,
39_鬼龍紅郎_グラフ_瞬きSign☆.PNG,OK,3,0.060000,0.835000,0.105000,100.835,83.500,72.727,81.345,SS,Amazing Specialist,268,14.897165091717621,14.897165091717621,シルバーランカー,
39_鬼龍紅郎_グラフ_終わらないシンフォニア.PNG,OK,3,0.046243,0.734104,0.219653,100.734,73.410,34.783,65.685,A,Fast Type,1492,82.93496386881601,82.93496386881601,ブルーランカー,
3_姫宮桃李_グラフ_Ai☆$!!.png,OK,3,0.084577,0.761194,0.154229,100.761,76.119,70.833,75.062,AAA+,Fast Type,804,44.69149527515287,44.69149527515287,パープルランカー,
3_姫宮桃李_グラフ_BIGBANG REFLECTION!!.png,OK,3,0.120000,0.765000,0.115000,100.765,76.500,97.872,80.774,SS,Balanced Player,311,17.287381878821567,17.287381878821567,シルバーランカー,
3_姫宮桃李_グラフ_CIVIL WAR.PNG,OK,3,0.035000,0.845000,0.120000,100.845,84.500,45.161,76.632,S,Amazing Specialist,663,36.8538076709283,36.8538076709283,パープルランカー,
3_姫宮桃李_グラフ_Dear World(ムービー).PNG,OK,3,0.019900,0.791045,0.189055,100.791,79.104,19.048,67.093,A+,Fast Type,1410,78.3768760422457,78.3768760422457,グリーンランカー,
3_姫宮桃李_グラフ_FORBIDDEN RAIN.png,OK,3,0.095000,0.720000,0.185000,100.720,72.000,67.857,71.171,AA+,Fast Type,1134,63.035019455252915,63.035019455252915,オレンジランカー,
3_姫宮桃李_グラフ_Graceful Punishment.PNG,OK,3,0.052326,0.720930,0.226744,100.721,72.093,37.500,65.174,A,Fast Type,1515,84.21345191773207,84.21345191773207,ブルーランカー,
3_姫宮桃李_グラフ_It's k(not) lov.PNG,OK,3,0.184971,0.763006,0.052023,100.763,76.301,43.902,69.821,AA,Slow Type,1248,69.37187326292384,69.37187326292384,オレンジランカー,
3_姫宮桃李_グラフ_LOUDEST BUGS.png,OK,3,0.065000,0.825000,0.110000,100.825,82.500,74.286,80.857,SS,Amazing Specialist,305,16.953863257365203,16.953863257365203,シルバーランカー,
3_姫宮桃李_グラフ_Rainbow Stairway.png,OK,3,0.035000,0.750000,0.215000,100.750,75.000,28.000,65.600,A,Fast Type,1496,83.15730961645359,83.15730961645359,ブルーランカー,
3_姫宮桃李_グラフ_らびゅ&ピース伝説.PNG,OK,3,0.133721,0.808140,0.058140,100.808,80.814,60.606,76.772,S,Amazing Specialist,651,36.18677042801556,36.18677042801556,パープルランカー,
3_姫宮桃李_グラフ_サヨナラ・ヘヴン.png,OK,3,0.049751,0.716418,0.233831,100.716,71.642,35.088,64.331,A,Fast Type,1542,85.71428571428571,85.71428571428571,ブルーランカー,
3_姫宮桃李_グラフ_スキスキハンター♡(ムービー).PNG,OK,3,0.057803,0.705202,0.236994,100.705,70.520,39.216,64.259,A,Fast Type,1545,85.88104502501389,85.88104502501389,ブルーランカー,
3_姫宮桃李_グラフ_セツナDrops.PNG,OK,3,0.035000,0.685000,0.280000,100.685,68.500,22.222,59.244,B,Fast Type,1688,93.82990550305725,93.82990550305725,ホワイトランカー,
3_姫宮桃李_グラフ_プロローグのそのあとへ.png,OK,3,0.089552,0.835821,0.074627,100.836,83.582,90.909,85.047,SSS,Precision Master,80,4.446914952751529,4.446914952751529,プラチナランカー,
3_姫宮桃李_グラフ_僕のウィーク・ポイント.PNG,OK,3,0.069364,0.884393,0.046243,100.884,88.439,80.000,86.751,SSS+,Amazing Specialist,32,1.7787659811006113,1.7787659811006113,レインボーランカー,
3_姫宮桃李_グラフ_僕の気持ちを描く.png,OK,3,0.040000,0.810000,0.150000,100.810,81.000,42.105,73.221,AAA,Amazing Specialist,972,54.03001667593107,54.03001667593107,レッドランカー,
3_姫宮桃李_グラフ_朧.png,OK,3,0.080000,0.770000,0.150000,100.770,77.000,69.565,75.513,AAA+,Fast Type,768,42.69038354641467,42.69038354641467,パープルランカー,
3_姫宮桃李_グラフ_熱血☆流星忍法帖.PNG,OK,3,0.086705,0.780347,0.132948,100.780,78.035,78.947,78.217,S+,All Round Player,507,28.182323513062812,28.182323513062812,ブロンズランカー,
3_姫宮桃李_グラフ_終わらないシンフォニア.PNG,OK,3,0.046243,0.757225,0.196532,100.757,75.723,38.095,68.197,AA,Fast Type,1354,75.26403557531962,75.26403557531962,グリーンランカー,
3A0CA1EB-50A4-4451-B3E5-49657B7BB83B.jpeg,OK,3,0.176471,0.754902,0.068627,100.755,75.490,56.000,71.592,AA+,Slow Type,1101,61.200667037242916,61.200667037242916,オレンジランカー,
3A140324-DA37-47AD-906A-14F1C12106BC.png,OK,3,0.318436,0.625698,0.055866,100.626,62.570,29.851,56.026,CCC,Slow Type,1741,96.77598665925514,96.77598665925514,ホワイトランカー,
3A1D6D89-F0F4-432E-8423-F3EFDBDEBFB5.jpeg,OK,3,0.090278,0.722222,0.187500,100.722,72.222,65.000,70.778,AA+,Fast Type,1173,65.20289049471928,65.20289049471928,オレンジランカー,
3B2B6B2C-698C-42A4-B7E7-AB9205D13A8E.png,OK,3,0.206704,0.675978,0.117318,100.676,67.598,72.414,68.561,AA,All Round Player,1333,74.09672040022235,74.09672040022235,グリーンランカー,
3BDA2DA6-4869-4F0E-9295-6BB131964500.jpeg,OK,3,0.137931,0.724138,0.137931,100.724,72.414,100.000,77.931,S,Balanced Player,535,29.73874374652585,29.73874374652585,ブロンズランカー,
3C48D116-8DF1-4CB1-B106-7BAA74325077.png,OK,3,0.094444,0.688889,0.216667,100.689,68.889,60.714,67.254,A+,Fast Type,1402,77.93218454697055,77.93218454697055,グリーンランカー,
3C90D4AC-914D-4FA0-99FC-64DEA8108B0E.jpeg,OK,3,0.158621,0.696552,0.144828,100.697,69.655,95.455,74.815,AAA+,Balanced Player,829,46.081156197887715,46.081156197887715,パープルランカー,
3CAC6485-1F6D-4C7B-BC71-C3C7DE14C036.jpeg,OK,3,0.127451,0.676471,0.196078,100.676,67.647,78.788,69.875,AA,All Round Player,1243,69.09394107837687,69.09394107837687,オレンジランカー,
3D6F3EC6-D81F-435D-AEE0-ED7AAC317EAB.jpg,OK,3,0.082192,0.732877,0.184932,100.733,73.288,61.538,70.938,AA+,Fast Type,1155,64.2023346303502,64.2023346303502,オレンジランカー,
3D72B47A-D0E2-4B88-8B76-5378535AEA02.jpeg,OK,3,0.201389,0.750000,0.048611,100.750,75.000,38.889,67.778,A+,Slow Type,1372,76.26459143968872,76.26459143968872,グリーンランカー,
3E39070D-8BAC-4E51-ADE9-8C39F5ADFCC8.jpeg,OK,3,0.097087,0.728155,0.174757,100.728,72.816,71.429,72.538,AAA,All Round Player,1025,56.97609783212896,56.97609783212896,レッドランカー,
3E815D55-93E8-4DBC-A99E-953724081ECF.jpg,OK,3,0.068966,0.706897,0.224138,100.707,70.690,47.059,65.963,A,Fast Type,1472,81.82323513062812,81.82323513062812,ブルーランカー,
3E91E194-CFB0-4606-B00C-AC71E25BCEF7.jpg,OK,3,0.034722,0.743056,0.222222,100.743,74.306,27.027,64.850,A,Fast Type,1526,84.8249027237354,84.8249027237354,ブルーランカー,
3EDC96A7-1941-446C-B13B-9EF18B333F6B.jpeg,OK,3,0.084746,0.745763,0.169492,100.746,74.576,66.667,72.994,AAA,Fast Type,990,55.03057254030017,55.03057254030017,レッドランカー,
3F956F1A-AEB9-45E4-BACD-513BBEBA4BDE.jpeg,OK,3,0.055556,0.701389,0.243056,100.701,70.139,37.209,63.553,BBB,Fast Type,1579,87.7709838799333,87.7709838799333,ブルーランカー,
3FE72601-5B3C-4F35-887E-35981B8981B6.jpeg,OK,3,0.078431,0.696078,0.225490,100.696,69.608,51.613,66.009,A+,Fast Type,1470,81.71206225680933,81.71206225680933,ブルーランカー,
3FF9D4C2-A075-46F5-833A-9E0FFF929AF2.jpeg,OK,3,0.048276,0.696552,0.255172,100.697,69.655,31.818,62.088,BBB,Fast Type,1621,90.10561423012786,90.10561423012786,ホワイトランカー,
400BD9A7-D538-4CB9-8FB8-C6EE9F0BD3A2.jpeg,OK,3,0.097222,0.784722,0.118056,100.785,78.472,90.323,80.842,SS,Balanced Player,306,17.009449694274597,17.009449694274597,シルバーランカー,
401816F0-FE6E-4183-8362-D6335310DB8D.jpeg,OK,3,0.027778,0.743056,0.229167,100.743,74.306,21.622,63.769,BBB,Fast Type,1570,87.27070594774875,87.27070594774875,ブルーランカー,
40_神崎颯馬_グラフ_=EYE=.PNG,OK,3,0.075000,0.830000,0.095000,100.830,83.000,88.235,84.047,SSS,Precision Master,115,6.392440244580322,6.392440244580322,プラチナランカー,
40_神崎颯馬_グラフ_Ai☆$!!.png,OK,3,0.040201,0.738693,0.221106,100.739,73.869,30.769,65.249,A,Fast Type,1510,83.9355197331851,83.9355197331851,ブルーランカー,
40_神崎颯馬_グラフ_Deep into you.PNG,OK,3,0.081395,0.819767,0.098837,100.820,81.977,90.323,83.646,SS+,Precision Master,138,7.670928293496387,7.670928293496387,ゴールドランカー,
40_神崎颯馬_グラフ_It's k(not) lov.PNG,OK,3,0.127168,0.763006,0.109827,100.763,76.301,92.683,79.577,S+,Balanced Player,399,22.17898832684825,22.17898832684825,ブロンズランカー,
40_神崎颯馬_グラフ_Joyful×box.PNG,OK,3,0.023121,0.757225,0.219653,100.757,75.723,19.048,64.388,A,Fast Type,1540,85.60311284046692,85.60311284046692,ブルーランカー,
40_神崎颯馬_グラフ_LOUDEST BUGS.png,OK,3,0.114428,0.805970,0.079602,100.806,80.597,82.051,80.888,SS,Amazing Specialist,301,16.731517509727624,16.731517509727624,シルバーランカー,
40_神崎颯馬_グラフ_Rainbow Stairway.png,OK,3,0.024876,0.651741,0.323383,100.652,65.174,14.286,54.996,CC,Fast Type,1754,97.49861033907726,97.49861033907726,ホワイトランカー,
40_神崎颯馬_グラフ_Stranger's Sun.PNG,OK,3,0.070000,0.745000,0.185000,100.745,74.500,54.902,70.580,AA+,Fast Type,1185,65.86992773763201,65.86992773763201,オレンジランカー,
40_神崎颯馬_グラフ_それは残像の消失店.png,OK,3,0.100000,0.755000,0.145000,100.755,75.500,81.633,76.727,S,All Round Player,654,36.353529738743745,36.353529738743745,パープルランカー,
40_神崎颯馬_グラフ_らびゅ&ピース伝説.PNG,OK,3,0.075145,0.855491,0.069364,100.855,85.549,96.000,87.639,SSS+,Precision Master,18,1.000555864369094,1.000555864369094,レインボーランカー,
40_神崎颯馬_グラフ_ゴーゴー・キッチン.PNG,OK,3,0.034483,0.793103,0.172414,100.793,79.310,33.333,70.115,AA+,Fast Type,1220,67.81545302946081,67.81545302946081,オレンジランカー,
40_神崎颯馬_グラフ_スキスキハンター♡(3DMV).PNG,OK,3,0.075581,0.761628,0.162791,100.762,76.163,63.415,73.613,AAA,Fast Type,938,52.14007782101168,52.14007782101168,レッドランカー,
40_神崎颯馬_グラフ_セツナDrops.PNG,OK,3,0.085427,0.819095,0.095477,100.819,81.910,94.444,84.417,SSS,Precision Master,98,5.447470817120623,5.447470817120623,プラチナランカー,
40_神崎颯馬_グラフ_催花雨の片道切符.png,OK,3,0.070000,0.730000,0.200000,100.730,73.000,51.852,68.770,AA,Fast Type,1319,73.31851028349082,73.31851028349082,グリーンランカー,
40_神崎颯馬_グラフ_僕の気持ちを描く.png,OK,3,0.030000,0.690000,0.280000,100.690,69.000,19.355,59.071,B,Fast Type,1691,93.99666481378543,93.99666481378543,ホワイトランカー,
40_神崎颯馬_グラフ_熱血☆流星忍法帖.PNG,OK,3,0.046243,0.716763,0.236994,100.717,71.676,32.653,63.872,BBB,Fast Type,1563,86.881600889383,86.881600889383,ブルーランカー,
40_神崎颯馬_グラフ_終わらないシンフォニア.PNG,OK,3,0.081395,0.813953,0.104651,100.814,81.395,87.500,82.616,SS+,Precision Master,184,10.227904391328515,10.227904391328515,シルバーランカー,
40B6A97C-7C95-4D91-A683-05F8A6243698.png,OK,3,0.161111,0.683333,0.155556,100.683,68.333,98.246,74.316,AAA+,Balanced Player,880,48.91606448026681,48.91606448026681,パープルランカー,
40DB37F1-EE57-45A4-AF64-F01DF6CA52CF.jpeg,OK,3,0.303448,0.648276,0.048276,100.648,64.828,27.451,57.352,CCC,Slow Type,1727,95.99777654252362,95.99777654252362,ホワイトランカー,
417AF339-0116-426C-A35E-E056B1DF2222.jpeg,OK,3,0.102740,0.650685,0.246575,100.651,65.068,58.824,63.820,BBB,Fast Type,1566,87.04836020011118,87.04836020011118,ブルーランカー,
41_滝維吹_グラフ_=EYE=.PNG,OK,3,0.085427,0.844221,0.070352,100.844,84.422,90.323,85.602,SSS,Precision Master,61,3.3907726514730405,3.3907726514730405,プラチナランカー,
41_滝維吹_グラフ_Ai☆$!!.png,OK,3,0.100000,0.800000,0.100000,100.800,80.000,100.000,84.000,SSS,Precision Master,119,6.614785992217899,6.614785992217899,プラチナランカー,
41_滝維吹_グラフ_Deep into you.PNG,OK,3,0.046243,0.820809,0.132948,100.821,82.081,51.613,75.987,AAA+,Amazing Specialist,724,40.24458032240133,40.24458032240133,パープルランカー,
41_滝維吹_グラフ_Fight Is Only Fate.png,OK,3,0.070352,0.743719,0.185930,100.744,74.372,54.902,70.478,AA+,Fast Type,1195,66.42579210672595,66.42579210672595,オレンジランカー,
41_滝維吹_グラフ_It's k(not) lov.PNG,OK,3,0.069767,0.796512,0.133721,100.797,79.651,68.571,77.435,S,Fast Type,584,32.46247915508616,32.46247915508616,パープルランカー,
41_滝維吹_グラフ_LOUDEST BUGS.png,OK,3,0.065000,0.795000,0.140000,100.795,79.500,63.415,76.283,S,Fast Type,696,38.688160088938304,38.688160088938304,パープルランカー,
41_滝維吹_グラフ_Rainbow Stairway.png,OK,3,0.060000,0.810000,0.130000,100.810,81.000,63.158,77.432,S,Amazing Specialist,585,32.51806559199555,32.51806559199555,パープルランカー,
41_滝維吹_グラフ_The・プリティカルパレード♪.PNG,OK,3,0.105000,0.830000,0.065000,100.830,83.000,76.471,81.694,SS,Amazing Specialist,239,13.285158421345193,13.285158421345193,シルバーランカー,
41_滝維吹_グラフ_らびゅ&ピース伝説.PNG,OK,3,0.091954,0.793103,0.114943,100.793,79.310,88.889,81.226,SS,Balanced Player,278,15.453029460811562,15.453029460811562,シルバーランカー,
41_滝維吹_グラフ_スキスキハンター♡(ムービー).PNG,OK,3,0.080925,0.768786,0.150289,100.769,76.879,70.000,75.503,AAA+,Fast Type,769,42.745969983324066,42.745969983324066,パープルランカー,
41_滝維吹_グラフ_セイクリッド ルイン.PNG,OK,3,0.040462,0.791908,0.167630,100.792,79.191,38.889,71.130,AA+,Fast Type,1139,63.312951639799884,63.312951639799884,オレンジランカー,
41_滝維吹_グラフ_セツナDrops.PNG,OK,3,0.045000,0.805000,0.150000,100.805,80.500,46.154,73.631,AAA,Amazing Specialist,937,52.084491384102286,52.084491384102286,レッドランカー,
41_滝維吹_グラフ_プロローグのそのあとへ.png,OK,3,0.125628,0.819095,0.055276,100.819,81.910,61.111,77.750,S,Amazing Specialist,551,30.628126737076155,30.628126737076155,パープルランカー,
41_滝維吹_グラフ_催花雨の片道切符.png,OK,3,0.090000,0.730000,0.180000,100.730,73.000,66.667,71.733,AA+,Fast Type,1090,60.589216231239575,60.589216231239575,オレンジランカー,
41_滝維吹_グラフ_僕のウィーク・ポイント.PNG,OK,3,0.046243,0.843931,0.109827,100.844,84.393,59.259,79.366,S+,Amazing Specialist,419,23.29071706503613,23.29071706503613,ブロンズランカー,
41_滝維吹_グラフ_僕の気持ちを描く.png,OK,3,0.039801,0.791045,0.169154,100.791,79.104,38.095,70.903,AA+,Fast Type,1158,64.36909394107838,64.36909394107838,オレンジランカー,
41_滝維吹_グラフ_熱血☆流星忍法帖.PNG,OK,3,0.098837,0.784884,0.116279,100.785,78.488,91.892,81.169,SS,Balanced Player,281,15.619788771539744,15.619788771539744,シルバーランカー,
41DEC264-A562-456A-B07B-6FC32CAE914D.png,OK,3,0.111732,0.625698,0.262570,100.626,62.570,59.701,61.996,BB,Fast Type,1622,90.16120066703725,90.16120066703725,ホワイトランカー,
42_小鹿ジュイス_グラフ_LOUDEST BUGS.png,OK,3,0.080402,0.839196,0.080402,100.839,83.920,100.000,87.136,SSS+,Precision Master,24,1.3340744858254585,1.3340744858254585,レインボーランカー,
42_小鹿ジュイス_グラフ_Stranger's Sun.PNG,OK,3,0.105000,0.760000,0.135000,100.760,76.000,87.500,78.300,S+,Balanced Player,501,27.84880489160645,27.84880489160645,ブロンズランカー,
42_小鹿ジュイス_グラフ_Unbalanced Triangle.PNG,OK,3,0.040201,0.783920,0.175879,100.784,78.392,37.209,70.155,AA+,Fast Type,1217,67.64869371873263,67.64869371873263,オレンジランカー,
42_小鹿ジュイス_グラフ_僕の気持ちを描く.png,OK,3,0.030151,0.723618,0.246231,100.724,72.362,21.818,62.253,BBB,Fast Type,1616,89.82768204558089,89.82768204558089,ブルーランカー,
42_小鹿ジュイス_グラフ_瞬きSign☆.PNG,OK,3,0.065000,0.815000,0.120000,100.815,81.500,70.270,79.254,S+,Amazing Specialist,425,23.624235686492494,23.624235686492494,ブロンズランカー,
42_朱桜司_グラフ_Deep into you.PNG,OK,3,0.093023,0.843023,0.063953,100.843,84.302,81.481,83.738,SS+,Amazing Specialist,134,7.448582545858811,7.448582545858811,ゴールドランカー,
42_朱桜司_グラフ_Fight Is Only Fate.png,OK,3,0.099502,0.771144,0.129353,100.771,77.114,86.957,79.083,S+,All Round Player,438,24.346859366314618,24.346859366314618,ブロンズランカー,
42_朱桜司_グラフ_Joyful×box.PNG,OK,3,0.034884,0.784884,0.180233,100.785,78.488,32.432,69.277,AA,Fast Type,1283,71.31739855475264,71.31739855475264,グリーンランカー,
42_朱桜司_グラフ_それは残像の消失店.png,OK,3,0.019704,0.546798,0.433498,100.547,54.680,8.696,45.483,F,Fast Type,1793,99.66648137854364,99.66648137854364,ホワイトランカー,
42_朱桜司_グラフ_スキスキハンター♡(3DMV).PNG,OK,3,0.081395,0.831395,0.087209,100.831,83.140,96.552,85.822,SSS,Precision Master,54,3.001667593107282,3.001667593107282,プラチナランカー,
42_朱桜司_グラフ_セイクリッド ルイン.PNG,OK,3,0.052326,0.813953,0.133721,100.814,81.395,56.250,76.366,S,Amazing Specialist,689,38.299055030572546,38.299055030572546,パープルランカー,
42_朱桜司_グラフ_僕のウィーク・ポイント.PNG,OK,3,0.023121,0.820809,0.156069,100.821,82.081,25.806,70.826,AA+,Amazing Specialist,1166,64.81378543635353,64.81378543635353,オレンジランカー,
42_朱桜司_グラフ_終わらないシンフォニア.PNG,OK,3,0.046243,0.780347,0.173410,100.780,78.035,42.105,70.849,AA+,Fast Type,1162,64.59143968871595,64.59143968871595,オレンジランカー,
43_円果望見_グラフ_LOUDEST BUGS.png,OK,3,0.080402,0.819095,0.100503,100.819,81.910,88.889,83.305,SS+,Precision Master,148,8.226792662590327,8.226792662590327,ゴールドランカー,
43_円果望見_グラフ_僕の気持ちを描く.png,OK,3,0.030000,0.705000,0.265000,100.705,70.500,20.339,60.468,BB,Fast Type,1657,92.10672595886604,92.10672595886604,ホワイトランカー,
43_円果望見_グラフ_瞬きSign☆.PNG,OK,3,0.060000,0.820000,0.120000,100.820,82.000,66.667,78.933,S+,Amazing Specialist,455,25.291828793774318,25.291828793774318,ブロンズランカー,
43_月永レオ_グラフ_Deep into you.PNG,OK,3,0.052023,0.838150,0.109827,100.838,83.815,64.286,79.909,S+,Amazing Specialist,377,20.95608671484158,20.95608671484158,ブロンズランカー,
43_月永レオ_グラフ_FORBIDDEN RAIN.png,OK,3,0.130653,0.763819,0.105528,100.764,76.382,89.362,78.978,S+,Balanced Player,451,25.069483046136742,25.069483046136742,ブロンズランカー,
43_月永レオ_グラフ_Joyful×box.PNG,OK,3,0.028902,0.774566,0.196532,100.775,77.457,25.641,67.094,A+,Fast Type,1409,78.3212896053363,78.3212896053363,グリーンランカー,
43_月永レオ_グラフ_ゴーゴー・キッチン.PNG,OK,3,0.029070,0.831395,0.139535,100.831,83.140,34.483,73.408,AAA,Amazing Specialist,955,53.085047248471376,53.085047248471376,レッドランカー,
43_月永レオ_グラフ_セイクリッド ルイン.PNG,OK,3,0.040462,0.803468,0.156069,100.803,80.347,41.176,72.513,AAA,Amazing Specialist,1027,57.087270705947745,57.087270705947745,レッドランカー,
43_月永レオ_グラフ_プロローグのそのあとへ.png,OK,3,0.134328,0.800995,0.064677,100.801,80.100,65.000,77.080,S,Amazing Specialist,616,34.24124513618677,34.24124513618677,パープルランカー,
43_月永レオ_グラフ_僕のウィーク・ポイント.PNG,OK,3,0.028902,0.843931,0.127168,100.844,84.393,37.037,74.922,AAA+,Amazing Specialist,818,45.46970539188438,45.46970539188438,パープルランカー,
43EC566A-1340-4FF1-82EE-5121685B1D02.jpeg,OK,3,0.062147,0.711864,0.225989,100.712,71.186,43.137,65.577,A,Fast Type,1498,83.26848249027238,83.26848249027238,ブルーランカー,
447515ED-4455-4023-9CFA-E342A01CBBEB.jpeg,OK,3,0.175141,0.734463,0.090395,100.734,73.446,68.085,72.374,AAA,Slow Type,1037,57.643135075041684,57.643135075041684,レッドランカー,
44_久遠舞珠_グラフ_BIGBANG REFLECTION!!.png,OK,3,0.080000,0.735000,0.185000,100.735,73.500,60.377,70.875,AA+,Fast Type,1161,64.53585325180656,64.53585325180656,オレンジランカー,
44_久遠舞珠_グラフ_CIVIL WAR.PNG,OK,3,0.060302,0.849246,0.090452,100.849,84.925,80.000,83.940,SS+,Amazing Specialist,124,6.89271817676487,6.89271817676487,プラチナランカー,
44_久遠舞珠_グラフ_Stranger's Sun.PNG,OK,3,0.050251,0.728643,0.221106,100.729,72.864,37.037,65.699,A,Fast Type,1490,82.82379099499722,82.82379099499722,ブルーランカー,
44_久遠舞珠_グラフ_The・プリティカルパレード♪.PNG,OK,3,0.050000,0.805000,0.145000,100.805,80.500,51.282,74.656,AAA+,Amazing Specialist,850,47.24847137298499,47.24847137298499,パープルランカー,
44_久遠舞珠_グラフ_朧.png,OK,3,0.090452,0.763819,0.145729,100.764,76.382,76.596,76.425,S,All Round Player,682,37.90994997220678,37.90994997220678,パープルランカー,
44_瀬名泉_グラフ_Joyful×box.PNG,OK,3,0.034682,0.774566,0.190751,100.775,77.457,30.769,68.119,AA,Fast Type,1356,75.37520844913841,75.37520844913841,グリーンランカー,
44_瀬名泉_グラフ_らびゅ&ピース伝説.PNG,OK,3,0.063953,0.784884,0.151163,100.785,78.488,59.459,74.683,AAA+,Fast Type,847,47.081712062256805,47.081712062256805,パープルランカー,
44_瀬名泉_グラフ_ゴーゴー・キッチン.PNG,OK,3,0.046512,0.825581,0.127907,100.826,82.558,53.333,76.713,S,Amazing Specialist,655,36.40911617565314,36.40911617565314,パープルランカー,
44_瀬名泉_グラフ_セイクリッド ルイン.PNG,OK,3,0.034682,0.797688,0.167630,100.798,79.769,34.286,70.672,AA+,Fast Type,1178,65.48082267926625,65.48082267926625,オレンジランカー,
44_瀬名泉_グラフ_僕のウィーク・ポイント.PNG,OK,3,0.034884,0.813953,0.151163,100.814,81.395,37.500,72.616,AAA,Amazing Specialist,1018,56.5869927737632,56.5869927737632,レッドランカー,
44_瀬名泉_グラフ_終わらないシンフォニア.PNG,OK,3,0.081395,0.837209,0.081395,100.837,83.721,100.000,86.977,SSS+,Precision Master,28,1.556420233463035,1.556420233463035,レインボーランカー,
452A7FCA-3CF5-42F7-92EA-5C028DFDB7F9.jpg,OK,3,0.109589,0.712329,0.178082,100.712,71.233,76.190,72.224,AAA,All Round Player,1049,58.310172317954425,58.310172317954425,レッドランカー,
455CBBAE-18A9-4B87-A1F1-1B4862CDD4F7.png,OK,3,0.067039,0.703911,0.229050,100.704,70.391,45.283,65.369,A,Fast Type,1503,83.54641467481935,83.54641467481935,ブルーランカー,
456F99BE-1F74-4437-A6E6-70A669759BE6.jpg,OK,3,0.090278,0.812500,0.097222,100.813,81.250,96.296,84.259,SSS,Precision Master,105,5.836575875486381,5.836575875486381,プラチナランカー,
45_朔間凛月_グラフ_Joyful×box.PNG,OK,3,0.034884,0.825581,0.139535,100.826,82.558,40.000,74.047,AAA+,Amazing Specialist,898,49.91662034463591,49.91662034463591,パープルランカー,
45_朔間凛月_グラフ_Rainbow Stairway.png,OK,3,0.070000,0.780000,0.150000,100.780,78.000,63.636,75.127,AAA+,Fast Type,798,44.3579766536965,44.3579766536965,パープルランカー,
45_朔間凛月_グラフ_きたさいたま2000.PNG,OK,3,0.051724,0.787356,0.160920,100.787,78.736,48.649,72.718,AAA,Fast Type,1012,56.253474152306836,56.253474152306836,レッドランカー,
45_朔間凛月_グラフ_らびゅ&ピース伝説.PNG,OK,3,0.074713,0.810345,0.114943,100.810,81.034,78.788,80.585,SS,Amazing Specialist,319,17.73207337409672,17.73207337409672,シルバーランカー,
45_朔間凛月_グラフ_スキスキハンター♡(ムービー).PNG,OK,3,0.069767,0.744186,0.186047,100.744,74.419,54.545,70.444,AA+,Fast Type,1198,66.59255141745413,66.59255141745413,オレンジランカー,
45_朔間凛月_グラフ_セイクリッド ルイン.PNG,OK,3,0.075581,0.825581,0.098837,100.826,82.558,86.667,83.380,SS+,Amazing Specialist,144,8.004446914952752,8.004446914952752,ゴールドランカー,
45_朔間凛月_グラフ_プロローグのそのあとへ.png,OK,3,0.080402,0.814070,0.105528,100.814,81.407,86.486,82.423,SS+,Amazing Specialist,196,10.894941634241246,10.894941634241246,シルバーランカー,
45_朔間凛月_グラフ_僕のウィーク・ポイント.PNG,OK,3,0.063584,0.838150,0.098266,100.838,83.815,78.571,82.766,SS+,Amazing Specialist,177,9.838799332962758,9.838799332962758,ゴールドランカー,
45_朔間凛月_グラフ_熱血☆流星忍法帖.PNG,OK,3,0.092486,0.774566,0.132948,100.775,77.457,82.051,78.376,S+,All Round Player,499,27.73763201778766,27.73763201778766,ブロンズランカー,
45_朔間凛月_グラフ_終わらないシンフォニア.PNG,OK,3,0.109827,0.780347,0.109827,100.780,78.035,100.000,82.428,SS+,Balanced Player,195,10.839355197331852,10.839355197331852,シルバーランカー,
45_甘楽チトセ_グラフ_=EYE=.PNG,OK,3,0.045000,0.785000,0.170000,100.785,78.500,41.860,71.172,AA+,Fast Type,1133,62.97943301834352,62.97943301834352,オレンジランカー,
45_甘楽チトセ_グラフ_BIGBANG REFLECTION!!.png,OK,3,0.084577,0.796020,0.119403,100.796,79.602,82.927,80.267,SS,All Round Player,348,19.344080044469152,19.344080044469152,シルバーランカー,
45_甘楽チトセ_グラフ_LOUDEST BUGS.png,OK,3,0.125628,0.814070,0.060302,100.814,81.407,64.865,78.099,S+,Amazing Specialist,518,28.793774319066145,28.793774319066145,ブロンズランカー,
45_甘楽チトセ_グラフ_セツナDrops.PNG,OK,3,0.070000,0.810000,0.120000,100.810,81.000,73.684,79.537,S+,Amazing Specialist,405,22.512506948304615,22.512506948304615,ブロンズランカー,
465667E4-C8CA-4D7C-A4A8-DD10BCBB5E1A.png,OK,3,0.089385,0.692737,0.217877,100.693,69.274,58.182,67.055,A+,Fast Type,1412,78.48804891606449,78.48804891606449,グリーンランカー,
46_朱桜司_グラフ_=EYE=.PNG,OK,3,0.035000,0.795000,0.170000,100.795,79.500,34.146,70.429,AA+,Fast Type,1199,66.64813785436353,66.64813785436353,オレンジランカー,
46_朱桜司_グラフ_BIGBANG REFLECTION!!.png,OK,3,0.090452,0.753769,0.155779,100.754,75.377,73.469,74.995,AAA+,All Round Player,808,44.91384102279044,44.91384102279044,パープルランカー,
46_朱桜司_グラフ_CIVIL WAR.PNG,OK,3,0.035000,0.800000,0.165000,100.800,80.000,35.000,71.000,AA+,Amazing Specialist,1150,63.92440244580322,63.92440244580322,オレンジランカー,
46_朱桜司_グラフ_Dear World(3DMV).PNG,OK,3,0.030000,0.815000,0.155000,100.815,81.500,32.432,71.686,AA+,Amazing Specialist,1093,60.75597554196776,60.75597554196776,オレンジランカー,
46_朱桜司_グラフ_Dear World(ムービー).PNG,OK,3,0.044776,0.865672,0.089552,100.866,86.567,66.667,82.587,SS+,Amazing Specialist,186,10.339077265147303,10.339077265147303,シルバーランカー,
46_朱桜司_グラフ_The・プリティカルパレード♪.PNG,OK,3,0.119403,0.820896,0.059701,100.821,82.090,66.667,79.005,S+,Amazing Specialist,444,24.680377987770985,24.680377987770985,ブロンズランカー,
46_鳴上嵐_グラフ_It's k(not) lov.PNG,OK,3,0.080925,0.780347,0.138728,100.780,78.035,73.684,77.165,S,All Round Player,612,34.018899388549194,34.018899388549194,パープルランカー,
46_鳴上嵐_グラフ_きたさいたま2000.PNG,OK,3,0.063584,0.791908,0.144509,100.792,79.191,61.111,75.575,AAA+,Fast Type,762,42.35686492495831,42.35686492495831,パープルランカー,
46_鳴上嵐_グラフ_らびゅ&ピース伝説.PNG,OK,3,0.063218,0.816092,0.120690,100.816,81.609,68.750,79.037,S+,Amazing Specialist,441,24.5136186770428,24.5136186770428,ブロンズランカー,
46_鳴上嵐_グラフ_ゴーゴー・キッチン.PNG,OK,3,0.040462,0.815029,0.144509,100.815,81.503,43.750,73.952,AAA,Amazing Specialist,908,50.47248471372985,50.47248471372985,レッドランカー,
46_鳴上嵐_グラフ_スキスキハンター♡(ムービー).PNG,OK,3,0.040462,0.710983,0.248555,100.711,71.098,28.000,62.479,BBB,Fast Type,1608,89.38299055030573,89.38299055030573,ブルーランカー,
46_鳴上嵐_グラフ_セイクリッド ルイン.PNG,OK,3,0.046243,0.826590,0.127168,100.827,82.659,53.333,76.794,S,Amazing Specialist,648,36.02001111728738,36.02001111728738,パープルランカー,
46_鳴上嵐_グラフ_プロローグのそのあとへ.png,OK,3,0.099502,0.796020,0.104478,100.796,79.602,97.561,83.194,SS+,Balanced Player,155,8.615897720956086,8.615897720956086,ゴールドランカー,
46_鳴上嵐_グラフ_僕のウィーク・ポイント.PNG,OK,3,0.109827,0.849711,0.040462,100.850,84.971,53.846,78.746,S+,Amazing Specialist,469,26.07003891050584,26.07003891050584,ブロンズランカー,
46_鳴上嵐_グラフ_熱血☆流星忍法帖.PNG,OK,3,0.081395,0.802326,0.116279,100.802,80.233,82.353,80.657,SS,Amazing Specialist,316,17.565314063368536,17.565314063368536,シルバーランカー,
46E35CD3-29E0-4B54-B10B-2ACFEAEC64AD.jpeg,OK,3,0.027778,0.722222,0.250000,100.722,72.222,20.000,61.778,BB,Fast Type,1627,90.43913285158422,90.43913285158422,ホワイトランカー,
46F62E12-2679-4B11-9FF4-E99F91146D10.jpeg,OK,3,0.194286,0.708571,0.097143,100.709,70.857,66.667,70.019,AA+,Slow Type,1228,68.26014452473596,68.26014452473596,オレンジランカー,
473CFC70-FE35-4E2E-9F88-1E45264B4BF9.png,OK,3,0.224719,0.707865,0.067416,100.708,70.787,46.154,65.860,A,Slow Type,1480,82.26792662590327,82.26792662590327,ブルーランカー,
47_月永レオ_グラフ_CIVIL WAR.PNG,OK,3,0.044776,0.820896,0.134328,100.821,82.090,50.000,75.672,AAA+,Amazing Specialist,751,41.745414118954976,41.745414118954976,パープルランカー,
47_月永レオ_グラフ_Dear World(3DMV).PNG,OK,3,0.089552,0.850746,0.059701,100.851,85.075,80.000,84.060,SSS,Amazing Specialist,114,6.336853807670928,6.336853807670928,プラチナランカー,
47_月永レオ_グラフ_Dear World(ムービー).PNG,OK,3,0.040000,0.875000,0.085000,100.875,87.500,64.000,82.800,SS+,Amazing Specialist,175,9.72762645914397,9.72762645914397,ゴールドランカー,
47_月永レオ_グラフ_LOUDEST BUGS.png,OK,3,0.074627,0.840796,0.084577,100.841,84.080,93.750,86.014,SSS+,Precision Master,48,2.668148971650917,2.668148971650917,レインボーランカー,
47_月永レオ_グラフ_Stranger's Sun.PNG,OK,3,0.075000,0.725000,0.200000,100.725,72.500,54.545,68.909,AA,Fast Type,1310,72.81823235130628,72.81823235130628,グリーンランカー,
47_月永レオ_グラフ_The・プリティカルパレード♪.PNG,OK,3,0.055000,0.810000,0.135000,100.810,81.000,57.895,76.379,S,Amazing Specialist,687,38.18788215675375,38.18788215675375,パープルランカー,
47_月永レオ_グラフ_Unbalanced Triangle.PNG,OK,3,0.099502,0.776119,0.124378,100.776,77.612,88.889,79.867,S+,Balanced Player,380,21.12284602556976,21.12284602556976,ブロンズランカー,
47_月永レオ_グラフ_朧.png,OK,3,0.045226,0.773869,0.180905,100.774,77.387,40.000,69.910,AA,Fast Type,1239,68.8715953307393,68.8715953307393,オレンジランカー,
47_月永レオ_グラフ_瞬きSign☆.PNG,OK,3,0.035000,0.840000,0.125000,100.840,84.000,43.750,75.950,AAA+,Amazing Specialist,728,40.46692607003891,40.46692607003891,パープルランカー,
47_逆先夏目_グラフ_Deep into you.PNG,OK,3,0.040698,0.767442,0.191860,100.767,76.744,35.000,68.395,AA,Fast Type,1340,74.48582545858811,74.48582545858811,グリーンランカー,
47_逆先夏目_グラフ_Fight Is Only Fate.png,OK,3,0.075000,0.720000,0.205000,100.720,72.000,53.571,68.314,AA,Fast Type,1348,74.93051695386326,74.93051695386326,グリーンランカー,
47_逆先夏目_グラフ_Joyful×box.PNG,OK,3,0.017341,0.722543,0.260116,100.723,72.254,12.500,60.303,BB,Fast Type,1660,92.27348526959422,92.27348526959422,ホワイトランカー,
47_逆先夏目_グラフ_Rainbow Stairway.png,OK,3,0.050000,0.765000,0.185000,100.765,76.500,42.553,69.711,AA,Fast Type,1252,69.59421901056142,69.59421901056142,オレンジランカー,
47_逆先夏目_グラフ_それは残像の消失店.png,OK,3,0.055000,0.730000,0.215000,100.730,73.000,40.741,66.548,A+,Fast Type,1442,80.1556420233463,80.1556420233463,ブルーランカー,
47_逆先夏目_グラフ_らびゅ&ピース伝説.PNG,OK,3,0.052326,0.796512,0.151163,100.797,79.651,51.429,74.007,AAA+,Fast Type,900,50.0277932184547,50.0277932184547,レッドランカー,
47_逆先夏目_グラフ_スキスキハンター♡(ムービー).PNG,OK,3,0.034884,0.686047,0.279070,100.686,68.605,22.222,59.328,B,Fast Type,1685,93.66314619232907,93.66314619232907,ホワイトランカー,
47_逆先夏目_グラフ_プロローグのそのあとへ.png,OK,3,0.070352,0.788945,0.140704,100.789,78.894,66.667,76.449,S,Fast Type,681,37.85436353529739,37.85436353529739,パープルランカー,
47FC7A38-A91C-4FE3-A94C-B02ABD0CED7E.png,OK,3,0.128492,0.754190,0.117318,100.754,75.419,95.455,79.426,S+,Balanced Player,416,23.12395775430795,23.12395775430795,ブロンズランカー,
480B2B7B-6457-458B-9FF9-F1EB51E052C3.jpeg,OK,3,0.215278,0.743056,0.041667,100.743,74.306,32.432,65.931,A,Slow Type,1474,81.93440800444691,81.93440800444691,ブルーランカー,
48893459-D620-43EF-9E76-7889DD2991B9.png,OK,3,0.167598,0.703911,0.128492,100.704,70.391,86.792,73.671,AAA,All Round Player,930,51.69538632573653,51.69538632573653,レッドランカー,
48_瀬名泉_グラフ_Dear World(ムービー).PNG,OK,3,0.039801,0.840796,0.119403,100.841,84.080,50.000,77.264,S,Amazing Specialist,603,33.51862145636464,33.51862145636464,パープルランカー,
48_瀬名泉_グラフ_The・プリティカルパレード♪.PNG,OK,3,0.075377,0.849246,0.075377,100.849,84.925,100.000,87.940,SSS+,Precision Master,15,0.8337965536409117,0.8337965536409117,レインボーランカー,
48_青葉つむぎ_グラフ_FORBIDDEN RAIN.png,OK,3,0.100503,0.743719,0.155779,100.744,74.372,78.431,75.184,AAA+,All Round Player,797,44.3023902167871,44.3023902167871,パープルランカー,
48_青葉つむぎ_グラフ_Graceful Punishment.PNG,OK,3,0.098837,0.802326,0.098837,100.802,80.233,100.000,84.186,SSS,Precision Master,109,6.0589216231239575,6.0589216231239575,プラチナランカー,
48_青葉つむぎ_グラフ_それは残像の消失店.png,OK,3,0.090452,0.773869,0.135678,100.774,77.387,80.000,77.910,S,All Round Player,538,29.90550305725403,29.90550305725403,ブロンズランカー,
48_青葉つむぎ_グラフ_ゴーゴー・キッチン.PNG,OK,3,0.046243,0.867052,0.086705,100.867,86.705,69.565,83.277,SS+,Amazing Specialist,152,8.449138410227905,8.449138410227905,ゴールドランカー,
48_青葉つむぎ_グラフ_スキスキハンター♡(ムービー).PNG,OK,3,0.058140,0.779070,0.162791,100.779,77.907,52.632,72.852,AAA,Fast Type,1000,55.58643690939411,55.58643690939411,レッドランカー,
48_青葉つむぎ_グラフ_僕のウィーク・ポイント.PNG,OK,3,0.046512,0.848837,0.104651,100.849,84.884,61.538,80.215,SS,Amazing Specialist,352,19.566425792106727,19.566425792106727,シルバーランカー,
48_青葉つむぎ_グラフ_終わらないシンフォニア.PNG,OK,3,0.098266,0.797688,0.104046,100.798,79.769,97.143,83.244,SS+,Balanced Player,153,8.504724847137298,8.504724847137298,ゴールドランカー,
49_春川宙_グラフ_Ai☆$!!.png,OK,3,0.045000,0.705000,0.250000,100.705,70.500,30.508,62.502,BBB,Fast Type,1606,89.27181767648695,89.27181767648695,ブルーランカー,
49_春川宙_グラフ_FORBIDDEN RAIN.png,OK,3,0.105000,0.765000,0.130000,100.765,76.500,89.362,79.072,S+,Balanced Player,440,24.458032240133406,24.458032240133406,ブロンズランカー,
49_春川宙_グラフ_It's k(not) lov.PNG,OK,3,0.057803,0.728324,0.213873,100.728,72.832,42.553,66.777,A+,Fast Type,1426,79.266259032796,79.266259032796,グリーンランカー,
49_春川宙_グラフ_きたさいたま2000.PNG,OK,3,0.051724,0.770115,0.178161,100.770,77.011,45.000,70.609,AA+,Fast Type,1184,65.81434130072262,65.81434130072262,オレンジランカー,
49_春川宙_グラフ_スキスキハンター♡(3DMV).PNG,OK,3,0.034682,0.780347,0.184971,100.780,78.035,31.579,68.744,AA,Fast Type,1322,73.48526959421902,73.48526959421902,グリーンランカー,
49_春川宙_グラフ_スキスキハンター♡(ムービー).PNG,OK,3,0.115607,0.768786,0.115607,100.769,76.879,100.000,81.503,SS,Balanced Player,254,14.118954974986103,14.118954974986103,シルバーランカー,
49_春川宙_グラフ_僕のウィーク・ポイント.PNG,OK,3,0.057471,0.816092,0.126437,100.816,81.609,62.500,77.787,S,Amazing Specialist,548,30.46136742634797,30.46136742634797,パープルランカー,
49_春川宙_グラフ_熱血☆流星忍法帖.PNG,OK,3,0.046512,0.767442,0.186047,100.767,76.744,40.000,69.395,AA,Fast Type,1271,70.65036131183992,70.65036131183992,グリーンランカー,
49_朔間凛月_グラフ_=EYE=.PNG,OK,3,0.025000,0.735000,0.240000,100.735,73.500,18.868,62.574,BBB,Fast Type,1603,89.10505836575877,89.10505836575877,ブルーランカー,
49_朔間凛月_グラフ_CIVIL WAR.PNG,OK,3,0.040000,0.835000,0.125000,100.835,83.500,48.485,76.497,S,Amazing Specialist,676,37.57643135075042,37.57643135075042,パープルランカー,
49_朔間凛月_グラフ_Dear World(ムービー).PNG,OK,3,0.040201,0.864322,0.095477,100.864,86.432,59.259,80.998,SS,Amazing Specialist,292,16.23123957754308,16.23123957754308,シルバーランカー,
49_朔間凛月_グラフ_サヨナラ・ヘヴン.png,OK,3,0.104478,0.791045,0.104478,100.791,79.104,100.000,83.284,SS+,Balanced Player,150,8.337965536409115,8.337965536409115,ゴールドランカー,
49_朔間凛月_グラフ_僕の気持ちを描く.png,OK,3,0.085427,0.829146,0.085427,100.829,82.915,100.000,86.332,SSS+,Precision Master,41,2.2790439132851583,2.2790439132851583,レインボーランカー,
49_朔間凛月_グラフ_朧.png,OK,3,0.065327,0.743719,0.190955,100.744,74.372,50.980,69.694,AA,Fast Type,1253,69.64980544747081,69.64980544747081,オレンジランカー,
4_伏見弓弦_グラフ_Ai☆$!!.png,OK,3,0.075000,0.735000,0.190000,100.735,73.500,56.604,70.121,AA+,Fast Type,1219,67.75986659255142,67.75986659255142,オレンジランカー,
4_伏見弓弦_グラフ_BIGBANG REFLECTION!!.png,OK,3,0.124378,0.771144,0.104478,100.771,77.114,91.304,79.952,S+,Balanced Player,374,20.789327404113397,20.789327404113397,ブロンズランカー,
4_伏見弓弦_グラフ_CIVIL WAR.PNG,OK,3,0.045226,0.874372,0.080402,100.874,87.437,72.000,84.350,SSS,Amazing Specialist,101,5.614230127848805,5.614230127848805,プラチナランカー,
4_伏見弓弦_グラフ_FORBIDDEN RAIN.png,OK,3,0.120000,0.740000,0.140000,100.740,74.000,92.308,77.662,S,Balanced Player,561,31.183991106170094,31.183991106170094,パープルランカー,
4_伏見弓弦_グラフ_Graceful Punishment.PNG,OK,3,0.156069,0.768786,0.075145,100.769,76.879,65.000,74.503,AAA+,Slow Type,868,48.249027237354085,48.249027237354085,パープルランカー,
4_伏見弓弦_グラフ_Joyful×box.PNG,OK,3,0.045977,0.741379,0.212644,100.741,74.138,35.556,66.421,A+,Fast Type,1447,80.43357420789327,80.43357420789327,ブルーランカー,
4_伏見弓弦_グラフ_Rainbow Stairway.png,OK,3,0.030000,0.670000,0.300000,100.670,67.000,18.182,57.236,CCC,Fast Type,1731,96.2201222901612,96.2201222901612,ホワイトランカー,
4_伏見弓弦_グラフ_Stranger's Sun.PNG,OK,3,0.070000,0.735000,0.195000,100.735,73.500,52.830,69.366,AA,Fast Type,1274,70.8171206225681,70.8171206225681,グリーンランカー,
4_伏見弓弦_グラフ_Unbalanced Triangle.PNG,OK,3,0.080000,0.765000,0.155000,100.765,76.500,68.085,74.817,AAA+,Fast Type,828,46.02556976097832,46.02556976097832,パープルランカー,
4_伏見弓弦_グラフ_らびゅ&ピース伝説.PNG,OK,3,0.133721,0.802326,0.063953,100.802,80.233,64.706,77.127,S,Amazing Specialist,614,34.13007226236798,34.13007226236798,パープルランカー,
4_伏見弓弦_グラフ_スキスキハンター♡(3DMV).PNG,OK,3,0.046243,0.751445,0.202312,100.751,75.145,37.209,67.557,A+,Fast Type,1383,76.87604224569206,76.87604224569206,グリーンランカー,
4_伏見弓弦_グラフ_セツナDrops.PNG,OK,3,0.045000,0.725000,0.230000,100.725,72.500,32.727,64.545,A,Fast Type,1536,85.38076709282934,85.38076709282934,ブルーランカー,
4_伏見弓弦_グラフ_プロローグのそのあとへ.png,OK,3,0.115578,0.839196,0.045226,100.839,83.920,56.250,78.386,S+,Amazing Specialist,498,27.682045580878267,27.682045580878267,ブロンズランカー,
4_伏見弓弦_グラフ_朧.png,OK,3,0.100000,0.765000,0.135000,100.765,76.500,85.106,78.221,S+,All Round Player,505,28.071150639244024,28.071150639244024,ブロンズランカー,
4_伏見弓弦_グラフ_終わらないシンフォニア.PNG,OK,3,0.028902,0.710983,0.260116,100.711,71.098,20.000,60.879,BB,Fast Type,1649,91.66203446359089,91.66203446359089,ホワイトランカー,
4ADCF2D2-FDBF-4EC8-8E67-84B738B0837A.jpeg,OK,3,0.248276,0.668966,0.082759,100.669,66.897,50.000,63.517,BBB,Slow Type,1580,87.82657031684269,87.82657031684269,ブルーランカー,
4B4A30EA-838F-48EB-AA81-2BEFECCCAA0B.jpg,OK,3,0.186207,0.696552,0.117241,100.697,69.655,77.273,71.179,AA+,All Round Player,1131,62.86826014452473,62.86826014452473,オレンジランカー,
4D2D3D4B-6446-4F73-BEF0-AC60EB9B7A60.jpeg,OK,3,0.131944,0.791667,0.076389,100.792,79.167,73.333,78.000,S+,All Round Player,530,29.46081156197888,29.46081156197888,ブロンズランカー,
4E26DFFF-4882-4EE0-82A7-EA1C23D84BA8.jpeg,OK,3,0.107843,0.725490,0.166667,100.725,72.549,78.571,73.754,AAA,All Round Player,923,51.30628126737076,51.30628126737076,レッドランカー,
4E36C850-C53C-4028-A517-9238D33E62D4.jpeg,OK,3,0.110465,0.738372,0.151163,100.738,73.837,84.444,75.959,AAA+,All Round Player,726,40.35575319622012,40.35575319622012,パープルランカー,
4EAA42B3-8B96-42D7-80E0-A57909E5CEC5.jpeg,OK,3,0.222857,0.691429,0.085714,100.691,69.143,55.556,66.425,A+,Slow Type,1446,80.37798777098388,80.37798777098388,ブルーランカー,
4EE28AF1-6BDA-4BF0-8A5F-C51C50B256E0.jpg,OK,3,0.349315,0.616438,0.034247,100.616,61.644,17.857,52.886,C,Slow Type,1774,98.61033907726515,98.61033907726515,ホワイトランカー,
4F6D15B0-53A5-4A11-BCDC-8D2631E1A2D1.jpg,OK,3,0.062069,0.779310,0.158621,100.779,77.931,56.250,73.595,AAA,Fast Type,942,52.362423568649255,52.362423568649255,レッドランカー,
4FCB0D1B-E61C-4D95-B27B-B0EE829DD68D.jpeg,OK,3,0.064220,0.724771,0.211009,100.725,72.477,46.667,67.315,A+,Fast Type,1399,77.76542523624236,77.76542523624236,グリーンランカー,
4FE4B44E-A10D-44FD-AB97-5835B6580EC1.jpeg,OK,3,0.102740,0.760274,0.136986,100.760,76.027,85.714,77.965,S,All Round Player,533,29.62757087270706,29.62757087270706,ブロンズランカー,
50_三毛縞斑_グラフ_Ai☆$!!.png,OK,3,0.075000,0.750000,0.175000,100.750,75.000,60.000,72.000,AAA,Fast Type,1072,59.588660366870485,59.588660366870485,レッドランカー,
50_三毛縞斑_グラフ_Joyful×box.PNG,OK,3,0.023256,0.744186,0.232558,100.744,74.419,18.182,63.171,BBB,Fast Type,1586,88.16008893829905,88.16008893829905,ブルーランカー,
50_三毛縞斑_グラフ_それは残像の消失店.png,OK,3,0.050000,0.695000,0.255000,100.695,69.500,32.787,62.157,BBB,Fast Type,1618,89.93885491939967,89.93885491939967,ブルーランカー,
50_三毛縞斑_グラフ_催花雨の片道切符.png,OK,3,0.055000,0.750000,0.195000,100.750,75.000,44.000,68.800,AA,Fast Type,1318,73.26292384658143,73.26292384658143,グリーンランカー,
50_鳴上嵐_グラフ_Dear World(3DMV).PNG,OK,3,0.039801,0.890547,0.069652,100.891,89.055,72.727,85.789,SSS,Amazing Specialist,55,3.0572540300166757,3.0572540300166757,プラチナランカー,
50_鳴上嵐_グラフ_Dear World(ムービー).PNG,OK,3,0.040201,0.869347,0.090452,100.869,86.935,61.538,81.855,SS,Amazing Specialist,230,12.784880489160644,12.784880489160644,シルバーランカー,
50_鳴上嵐_グラフ_Unbalanced Triangle.PNG,OK,3,0.100000,0.820000,0.080000,100.820,82.000,88.889,83.378,SS+,Precision Master,145,8.060033351862145,8.060033351862145,ゴールドランカー,
50_鳴上嵐_グラフ_サヨナラ・ヘヴン.png,OK,3,0.125628,0.788945,0.085427,100.789,78.894,80.952,79.306,S+,All Round Player,421,23.401889938854918,23.401889938854918,ブロンズランカー,
50_鳴上嵐_グラフ_セツナDrops.PNG,OK,3,0.125628,0.809045,0.065327,100.809,80.905,68.421,78.408,S+,Amazing Specialist,494,27.45969983324069,27.45969983324069,ブロンズランカー,
50_鳴上嵐_グラフ_僕の気持ちを描く.png,OK,3,0.060000,0.770000,0.170000,100.770,77.000,52.174,72.035,AAA,Fast Type,1062,59.032795997776546,59.032795997776546,レッドランカー,
5108A9E2-AB3B-4EC8-A504-9A8DD91DF3C2.jpeg,OK,3,0.049020,0.803922,0.147059,100.804,80.392,50.000,74.314,AAA+,Amazing Specialist,882,49.0272373540856,49.0272373540856,パープルランカー,
51572EC1-F06B-410E-B0A4-8E0180AEA3FE.jpg,OK,3,0.090278,0.763889,0.145833,100.764,76.389,76.471,76.405,S,All Round Player,683,37.965536409116176,37.965536409116176,パープルランカー,
517F629E-BCFB-428E-A582-9B7F6029A956.jpg,OK,3,0.131034,0.758621,0.110345,100.759,75.862,91.429,78.975,S+,Balanced Player,452,25.125069483046136,25.125069483046136,ブロンズランカー,
51_エス_グラフ_FORBIDDEN RAIN.png,OK,3,0.099502,0.800995,0.099502,100.801,80.100,100.000,84.080,SSS,Precision Master,113,6.281267370761534,6.281267370761534,プラチナランカー,
51_エス_グラフ_It's k(not) lov.PNG,OK,3,0.080925,0.716763,0.202312,100.717,71.676,57.143,68.770,AA,Fast Type,1320,73.37409672040022,73.37409672040022,グリーンランカー,
51_エス_グラフ_きたさいたま2000.PNG,OK,3,0.063584,0.745665,0.190751,100.746,74.566,50.000,69.653,AA,Fast Type,1255,69.7609783212896,69.7609783212896,オレンジランカー,
51_エス_グラフ_スキスキハンター♡(3DMV).PNG,OK,3,0.063584,0.768786,0.167630,100.769,76.879,55.000,72.503,AAA,Fast Type,1028,57.14285714285714,57.14285714285714,レッドランカー,
51_エス_グラフ_セイクリッド ルイン.PNG,OK,3,0.063218,0.827586,0.109195,100.828,82.759,73.333,80.874,SS,Amazing Specialist,302,16.787103946637018,16.787103946637018,シルバーランカー,
51_エス_グラフ_催花雨の片道切符.png,OK,3,0.079602,0.736318,0.184080,100.736,73.632,60.377,70.981,AA+,Fast Type,1153,64.0911617565314,64.0911617565314,オレンジランカー,
51_エス_グラフ_熱血☆流星忍法帖.PNG,OK,3,0.086705,0.739884,0.173410,100.740,73.988,66.667,72.524,AAA,Fast Type,1026,57.03168426903835,57.03168426903835,レッドランカー,
51_逆先夏目_グラフ_=EYE=.PNG,OK,3,0.064677,0.776119,0.159204,100.776,77.612,57.778,73.645,AAA,Fast Type,934,51.917732073374104,51.917732073374104,レッドランカー,
51_逆先夏目_グラフ_Dear World(3DMV).PNG,OK,3,0.025000,0.805000,0.170000,100.805,80.500,25.641,69.528,AA,Amazing Specialist,1262,70.15008337965536,70.15008337965536,グリーンランカー,
51_逆先夏目_グラフ_Stranger's Sun.PNG,OK,3,0.130000,0.750000,0.120000,100.750,75.000,96.000,79.200,S+,Balanced Player,431,23.95775430794886,23.95775430794886,ブロンズランカー,
51_逆先夏目_グラフ_僕の気持ちを描く.png,OK,3,0.030000,0.755000,0.215000,100.755,75.500,24.490,65.298,A,Fast Type,1507,83.76876042245692,83.76876042245692,ブルーランカー,
51_逆先夏目_グラフ_朧.png,OK,3,0.120000,0.795000,0.085000,100.795,79.500,82.927,80.185,SS,All Round Player,356,19.788771539744303,19.788771539744303,シルバーランカー,
52_カンナ_グラフ_Deep into you.PNG,OK,3,0.029070,0.796512,0.174419,100.797,79.651,28.571,69.435,AA,Fast Type,1266,70.37242912729295,70.37242912729295,グリーンランカー,
52_カンナ_グラフ_It's k(not) lov.PNG,OK,3,0.057803,0.774566,0.167630,100.775,77.457,51.282,72.222,AAA,Fast Type,1050,58.36575875486382,58.36575875486382,レッドランカー,
52_カンナ_グラフ_Joyful×box.PNG,OK,3,0.017442,0.732558,0.250000,100.733,73.256,13.043,61.213,BB,Fast Type,1644,91.38410227904392,91.38410227904392,ホワイトランカー,
52_カンナ_グラフ_Rainbow Stairway.png,OK,3,0.075000,0.780000,0.145000,100.780,78.000,68.182,76.036,S,Fast Type,717,39.855475264035576,39.855475264035576,パープルランカー,
52_カンナ_グラフ_それは残像の消失店.png,OK,3,0.020000,0.660000,0.320000,100.660,66.000,11.765,55.153,CC,Fast Type,1753,97.44302390216787,97.44302390216787,ホワイトランカー,
52_カンナ_グラフ_ゴーゴー・キッチン.PNG,OK,3,0.017241,0.747126,0.235632,100.747,74.713,13.636,62.497,BBB,Fast Type,1607,89.32740411339634,89.32740411339634,ブルーランカー,
52_カンナ_グラフ_スキスキハンター♡(3DMV).PNG,OK,3,0.087209,0.825581,0.087209,100.826,82.558,100.000,86.047,SSS+,Precision Master,46,2.5569760978321288,2.5569760978321288,レインボーランカー,
52_カンナ_グラフ_スキスキハンター♡(ムービー).PNG,OK,3,0.144509,0.763006,0.092486,100.763,76.301,78.049,76.650,S,All Round Player,661,36.74263479710951,36.74263479710951,パープルランカー,
52_カンナ_グラフ_プロローグのそのあとへ.png,OK,3,0.070000,0.815000,0.115000,100.815,81.500,75.676,80.335,SS,Amazing Specialist,344,19.121734296831573,19.121734296831573,シルバーランカー,
52_カンナ_グラフ_催花雨の片道切符.png,OK,3,0.055000,0.760000,0.185000,100.760,76.000,45.833,69.967,AA,Fast Type,1234,68.59366314619233,68.59366314619233,オレンジランカー,
52_カンナ_グラフ_僕のウィーク・ポイント.PNG,OK,3,0.028902,0.780347,0.190751,100.780,78.035,26.316,67.691,A+,Fast Type,1376,76.48693718732629,76.48693718732629,グリーンランカー,
52_青葉つむぎ_グラフ_=EYE=.PNG,OK,3,0.060302,0.768844,0.170854,100.769,76.884,52.174,71.942,AA+,Fast Type,1078,59.92217898832685,59.92217898832685,レッドランカー,
52_青葉つむぎ_グラフ_BIGBANG REFLECTION!!.png,OK,3,0.125000,0.740000,0.135000,100.740,74.000,96.154,78.431,S+,Balanced Player,492,27.348526959421903,27.348526959421903,ブロンズランカー,
52_青葉つむぎ_グラフ_CIVIL WAR.PNG,OK,3,0.029851,0.845771,0.124378,100.846,84.577,38.710,75.404,AAA+,Amazing Specialist,775,43.07948860478044,43.07948860478044,パープルランカー,
52_青葉つむぎ_グラフ_Dear World(3DMV).PNG,OK,3,0.034826,0.815920,0.149254,100.816,81.592,37.838,72.841,AAA,Amazing Specialist,1001,55.6420233463035,55.6420233463035,レッドランカー,
52_青葉つむぎ_グラフ_The・プリティカルパレード♪.PNG,OK,3,0.040000,0.805000,0.155000,100.805,80.500,41.026,72.605,AAA,Amazing Specialist,1021,56.75375208449138,56.75375208449138,レッドランカー,
52_青葉つむぎ_グラフ_僕の気持ちを描く.png,OK,3,0.030000,0.770000,0.200000,100.770,77.000,26.087,66.817,A+,Fast Type,1424,79.15508615897721,79.15508615897721,グリーンランカー,
52_青葉つむぎ_グラフ_瞬きSign☆.PNG,OK,3,0.050251,0.793970,0.155779,100.794,79.397,48.780,73.274,AAA,Fast Type,968,53.8076709282935,53.8076709282935,レッドランカー,
52AD3E34-2EF1-46CD-B34F-CB4F334CC299.jpeg,OK,3,0.177143,0.720000,0.102857,100.720,72.000,73.469,72.294,AAA,All Round Player,1042,57.92106725958867,57.92106725958867,レッドランカー,
5393C663-59EF-4209-9FC2-F4197A2CE9AC.jpeg,OK,3,0.058824,0.598039,0.343137,100.598,59.804,29.268,53.697,C,Fast Type,1768,98.27682045580877,98.27682045580877,ホワイトランカー,
53_ユメ_グラフ_Ai☆$!!.png,OK,3,0.025000,0.680000,0.295000,100.680,68.000,15.625,57.525,CCC,Fast Type,1721,95.66425792106726,95.66425792106726,ホワイトランカー,
53_ユメ_グラフ_Deep into you.PNG,OK,3,0.017241,0.787356,0.195402,100.787,78.736,16.216,66.232,A+,Fast Type,1453,80.76709282934964,80.76709282934964,ブルーランカー,
53_ユメ_グラフ_Fight Is Only Fate.png,OK,3,0.085000,0.730000,0.185000,100.730,73.000,62.963,70.993,AA+,Fast Type,1152,64.03557531962201,64.03557531962201,オレンジランカー,
53_ユメ_グラフ_It's k(not) lov.PNG,OK,3,0.052023,0.751445,0.196532,100.751,75.145,41.860,68.488,AA,Fast Type,1338,74.37465258476932,74.37465258476932,グリーンランカー,
53_ユメ_グラフ_Joyful×box.PNG,OK,3,0.028736,0.741379,0.229885,100.741,74.138,22.222,63.755,BBB,Fast Type,1571,87.32629238465815,87.32629238465815,ブルーランカー,
53_ユメ_グラフ_Rainbow Stairway.png,OK,3,0.040000,0.770000,0.190000,100.770,77.000,34.783,68.557,AA,Fast Type,1334,74.15230683713175,74.15230683713175,グリーンランカー,
53_ユメ_グラフ_それは残像の消失店.png,OK,3,0.060000,0.715000,0.225000,100.715,71.500,42.105,65.621,A,Fast Type,1494,83.0461367426348,83.0461367426348,ブルーランカー,
53_ユメ_グラフ_らびゅ&ピース伝説.PNG,OK,3,0.104046,0.826590,0.069364,100.827,82.659,80.000,82.127,SS+,Amazing Specialist,216,12.006670372429127,12.006670372429127,シルバーランカー,
53_ユメ_グラフ_スキスキハンター♡(ムービー).PNG,OK,3,0.104046,0.763006,0.132948,100.763,76.301,87.805,78.601,S+,Balanced Player,479,26.62590327959978,26.62590327959978,ブロンズランカー,
53_ユメ_グラフ_セイクリッド ルイン.PNG,OK,3,0.091954,0.827586,0.080460,100.828,82.759,93.333,84.874,SSS,Precision Master,88,4.891606448026682,4.891606448026682,プラチナランカー,
53_ユメ_グラフ_プロローグのそのあとへ.png,OK,3,0.090452,0.854271,0.055276,100.854,85.427,75.862,83.514,SS+,Amazing Specialist,140,7.782101167315175,7.782101167315175,ゴールドランカー,
53_ユメ_グラフ_僕のウィーク・ポイント.PNG,OK,3,0.063953,0.848837,0.087209,100.849,84.884,84.615,84.830,SSS,Amazing Specialist,89,4.947192884936076,4.947192884936076,プラチナランカー,
53_春川宙_グラフ_=EYE=.PNG,OK,3,0.020000,0.730000,0.250000,100.730,73.000,14.815,61.363,BB,Fast Type,1640,91.16175653140634,91.16175653140634,ホワイトランカー,
53_春川宙_グラフ_CIVIL WAR.PNG,OK,3,0.040000,0.845000,0.115000,100.845,84.500,51.613,77.923,S,Amazing Specialist,537,29.849916620344636,29.849916620344636,ブロンズランカー,
53_春川宙_グラフ_Dear World(3DMV).PNG,OK,3,0.035000,0.835000,0.130000,100.835,83.500,42.424,75.285,AAA+,Amazing Specialist,789,43.85769872151195,43.85769872151195,パープルランカー,
53_春川宙_グラフ_The・プリティカルパレード♪.PNG,OK,3,0.059701,0.830846,0.109453,100.831,83.085,70.588,80.585,SS,Amazing Specialist,320,17.787659811006115,17.787659811006115,シルバーランカー,
53_春川宙_グラフ_Unbalanced Triangle.PNG,OK,3,0.069652,0.786070,0.144279,100.786,78.607,65.116,75.909,AAA+,Fast Type,736,40.91161756531406,40.91161756531406,パープルランカー,
53_春川宙_グラフ_セツナDrops.PNG,OK,3,0.045226,0.733668,0.221106,100.734,73.367,33.962,65.486,A,Fast Type,1500,83.37965536409116,83.37965536409116,ブルーランカー,
53_春川宙_グラフ_朧.png,OK,3,0.085427,0.778894,0.135678,100.779,77.889,77.273,77.766,S,All Round Player,549,30.516953863257367,30.516953863257367,パープルランカー,
53E33309-B9CC-42FA-8C5A-19DD37F1C1D6.jpeg,OK,3,0.131944,0.798611,0.069444,100.799,79.861,68.966,77.682,S,Slow Type,558,31.017231795441912,31.017231795441912,パープルランカー,
54_ライカ_グラフ_Deep into you.PNG,OK,3,0.052326,0.819767,0.127907,100.820,81.977,58.065,77.194,S,Amazing Specialist,609,33.85214007782101,33.85214007782101,パープルランカー,
54_ライカ_グラフ_FORBIDDEN RAIN.png,OK,3,0.085427,0.763819,0.150754,100.764,76.382,72.340,75.574,AAA+,All Round Player,763,42.4124513618677,42.4124513618677,パープルランカー,
54_ライカ_グラフ_It's k(not) lov.PNG,OK,3,0.069767,0.726744,0.203488,100.727,72.674,51.064,68.352,AA,Fast Type,1346,74.81934408004447,74.81934408004447,グリーンランカー,
54_ライカ_グラフ_らびゅ&ピース伝説.PNG,OK,3,0.063584,0.809249,0.127168,100.809,80.925,66.667,78.073,S+,Amazing Specialist,523,29.07170650361312,29.07170650361312,ブロンズランカー,
54_ライカ_グラフ_ゴーゴー・キッチン.PNG,OK,3,0.040462,0.861272,0.098266,100.861,86.127,58.333,80.568,SS,Amazing Specialist,323,17.954419121734297,17.954419121734297,シルバーランカー,
54_ライカ_グラフ_スキスキハンター♡(ムービー).PNG,OK,3,0.098266,0.803468,0.098266,100.803,80.347,100.000,84.277,SSS,Precision Master,104,5.780989438576987,5.780989438576987,プラチナランカー,
54_ライカ_グラフ_セイクリッド ルイン.PNG,OK,3,0.063953,0.860465,0.075581,100.860,86.047,91.667,87.171,SSS+,Precision Master,23,1.2784880489160644,1.2784880489160644,レインボーランカー,
54_ライカ_グラフ_熱血☆流星忍法帖.PNG,OK,3,0.040462,0.722543,0.236994,100.723,72.254,29.167,63.637,BBB,Fast Type,1576,87.60422456920512,87.60422456920512,ブルーランカー,
54_三毛縞斑_グラフ_僕の気持ちを描く.png,OK,3,0.030000,0.760000,0.210000,100.760,76.000,25.000,65.800,A,Fast Type,1485,82.54585881045024,82.54585881045024,ブルーランカー,
55_エス_グラフ_=EYE=.PNG,OK,3,0.045000,0.730000,0.225000,100.730,73.000,33.333,65.067,A,Fast Type,1522,84.60255697609783,84.60255697609783,ブルーランカー,
55_エス_グラフ_CIVIL WAR.PNG,OK,3,0.075000,0.840000,0.085000,100.840,84.000,93.750,85.950,SSS,Precision Master,49,2.7237354085603114,2.7237354085603114,レインボーランカー,
55_エス_グラフ_LOUDEST BUGS.png,OK,3,0.060000,0.800000,0.140000,100.800,80.000,60.000,76.000,S,Amazing Specialist,723,40.18899388549194,40.18899388549194,パープルランカー,
55_エス_グラフ_セツナDrops.PNG,OK,3,0.050251,0.778894,0.170854,100.779,77.889,45.455,71.402,AA+,Fast Type,1119,62.201222901612006,62.201222901612006,オレンジランカー,
55_エス_グラフ_僕の気持ちを描く.png,OK,3,0.105528,0.829146,0.065327,100.829,82.915,76.471,81.626,SS,Amazing Specialist,245,13.618677042801556,13.618677042801556,シルバーランカー,
55_佐賀美陣_グラフ_Deep into you.PNG,OK,3,0.028902,0.797688,0.173410,100.798,79.769,28.571,69.529,AA,Fast Type,1260,70.03891050583657,70.03891050583657,グリーンランカー,
55_佐賀美陣_グラフ_Fight Is Only Fate.png,OK,3,0.060302,0.773869,0.165829,100.774,77.387,53.333,72.576,AAA,Fast Type,1022,56.809338521400775,56.809338521400775,レッドランカー,
55_佐賀美陣_グラフ_FORBIDDEN RAIN.png,OK,3,0.149254,0.741294,0.109453,100.741,74.129,84.615,76.227,S,All Round Player,700,38.91050583657588,38.91050583657588,パープルランカー,
55_佐賀美陣_グラフ_It's k(not) lov.PNG,OK,3,0.046512,0.732558,0.220930,100.733,73.256,34.783,65.561,A,Fast Type,1499,83.32406892718177,83.32406892718177,ブルーランカー,
55_佐賀美陣_グラフ_きたさいたま2000.PNG,OK,3,0.075581,0.796512,0.127907,100.797,79.651,74.286,78.578,S+,All Round Player,481,26.737076153418567,26.737076153418567,ブロンズランカー,
55_佐賀美陣_グラフ_それは残像の消失店.png,OK,3,0.114428,0.781095,0.104478,100.781,78.109,95.455,81.578,SS,Balanced Player,249,13.841022790439133,13.841022790439133,シルバーランカー,
55_佐賀美陣_グラフ_ゴーゴー・キッチン.PNG,OK,3,0.040462,0.774566,0.184971,100.775,77.457,35.897,69.145,AA,Fast Type,1296,72.04002223457476,72.04002223457476,グリーンランカー,
55_佐賀美陣_グラフ_スキスキハンター♡(ムービー).PNG,OK,3,0.068966,0.770115,0.160920,100.770,77.011,60.000,73.609,AAA,Fast Type,939,52.195664257921074,52.195664257921074,レッドランカー,
55_佐賀美陣_グラフ_僕のウィーク・ポイント.PNG,OK,3,0.045977,0.827586,0.126437,100.828,82.759,53.333,76.874,S,Amazing Specialist,642,35.68649249583102,35.68649249583102,パープルランカー,
566C2EFB-65AD-428A-9322-6E444B13E5FD.jpeg,OK,3,0.317241,0.641379,0.041379,100.641,64.138,23.077,55.926,CC,Slow Type,1742,96.83157309616453,96.83157309616453,ホワイトランカー,
56_カンナ_グラフ_朧.png,OK,3,0.100503,0.753769,0.145729,100.754,75.377,81.633,76.628,S,All Round Player,664,36.90939410783769,36.90939410783769,パープルランカー,
56_椚章臣_グラフ_Joyful×box.PNG,OK,3,0.028902,0.699422,0.271676,100.699,69.942,19.231,59.800,B,Fast Type,1671,92.88493607559755,92.88493607559755,ホワイトランカー,
56_椚章臣_グラフ_ゴーゴー・キッチン.PNG,OK,3,0.046243,0.861272,0.092486,100.861,86.127,66.667,82.235,SS+,Amazing Specialist,211,11.728738187882156,11.728738187882156,シルバーランカー,
56_椚章臣_グラフ_スキスキハンター♡(3DMV).PNG,OK,3,0.052023,0.757225,0.190751,100.757,75.723,42.857,69.149,AA,Fast Type,1294,71.92884936075598,71.92884936075598,グリーンランカー,
56_椚章臣_グラフ_スキスキハンター♡(ムービー).PNG,OK,3,0.080925,0.739884,0.179191,100.740,73.988,62.222,71.635,AA+,Fast Type,1098,61.033907726514734,61.033907726514734,オレンジランカー,
56_椚章臣_グラフ_セイクリッド ルイン.PNG,OK,3,0.017341,0.763006,0.219653,100.763,76.301,14.634,63.967,BBB,Fast Type,1557,86.54808226792663,86.54808226792663,ブルーランカー,
56_椚章臣_グラフ_熱血☆流星忍法帖.PNG,OK,3,0.028902,0.757225,0.213873,100.757,75.723,23.810,65.340,A,Fast Type,1505,83.65758754863813,83.65758754863813,ブルーランカー,
56_椚章臣_グラフ_終わらないシンフォニア.PNG,OK,3,0.109827,0.791908,0.098266,100.792,79.191,94.444,82.241,SS+,Balanced Player,210,11.673151750972762,11.673151750972762,シルバーランカー,
57939ACD-AC0F-492D-8693-BE369AB4B1AC.png,OK,3,0.335196,0.625698,0.039106,100.626,62.570,20.896,54.235,CC,Slow Type,1759,97.77654252362423,97.77654252362423,ホワイトランカー,
57_ユメ_グラフ_=EYE=.PNG,OK,3,0.044776,0.756219,0.199005,100.756,75.622,36.735,67.844,A+,Fast Type,1369,76.09783212896053,76.09783212896053,グリーンランカー,
57_ユメ_グラフ_CIVIL WAR.PNG,OK,3,0.040201,0.889447,0.070352,100.889,88.945,72.727,85.701,SSS,Amazing Specialist,58,3.224013340744859,3.224013340744859,プラチナランカー,
57_ユメ_グラフ_LOUDEST BUGS.png,OK,3,0.064677,0.791045,0.144279,100.791,79.104,61.905,75.665,AAA+,Fast Type,755,41.96775986659255,41.96775986659255,パープルランカー,
57_ユメ_グラフ_Unbalanced Triangle.PNG,OK,3,0.049751,0.791045,0.159204,100.791,79.104,47.619,72.807,AAA,Fast Type,1004,55.808782657031685,55.808782657031685,レッドランカー,
57_ユメ_グラフ_瞬きSign☆.PNG,OK,3,0.050000,0.815000,0.135000,100.815,81.500,54.054,76.011,S,Amazing Specialist,719,39.966648137854364,39.966648137854364,パープルランカー,
57B828C8-8B38-4831-9838-C64DB25F54B9.jpeg,OK,3,0.131944,0.722222,0.145833,100.722,72.222,95.000,76.778,S,Balanced Player,650,36.13118399110617,36.13118399110617,パープルランカー,
58245ECE-D73F-4206-96F1-8EB907D88A2F.jpeg,OK,3,0.068182,0.744318,0.187500,100.744,74.432,53.333,70.212,AA+,Fast Type,1212,67.37076153418566,67.37076153418566,オレンジランカー,
5856C6BD-8415-4F0C-8E4B-CB61810938BC.jpeg,OK,3,0.096552,0.786207,0.117241,100.786,78.621,90.323,80.961,SS,Balanced Player,293,16.286826014452473,16.286826014452473,シルバーランカー,
58906F34-DAB6-44C9-8909-370F7584E27E.jpeg,OK,3,0.107843,0.803922,0.088235,100.804,80.392,90.000,82.314,SS+,Precision Master,205,11.395219566425792,11.395219566425792,シルバーランカー,
58_ライカ_グラフ_=EYE=.PNG,OK,3,0.040000,0.760000,0.200000,100.760,76.000,33.333,67.467,A+,Fast Type,1392,77.37632017787661,77.37632017787661,グリーンランカー,
58_ライカ_グラフ_CIVIL WAR.PNG,OK,3,0.065000,0.870000,0.065000,100.870,87.000,100.000,89.600,SSS+,Precision Master,5,0.27793218454697055,0.27793218454697055,レインボーランカー,
58_ライカ_グラフ_Unbalanced Triangle.PNG,OK,3,0.125000,0.815000,0.060000,100.815,81.500,64.865,78.173,S+,Amazing Specialist,508,28.237909949972206,28.237909949972206,ブロンズランカー,
58_ライカ_グラフ_セツナDrops.PNG,OK,3,0.040201,0.778894,0.180905,100.779,77.889,36.364,69.584,AA,Fast Type,1258,69.92773763201778,69.92773763201778,オレンジランカー,
58_ライカ_グラフ_瞬きSign☆.PNG,OK,3,0.045000,0.830000,0.125000,100.830,83.000,52.941,76.988,S,Amazing Specialist,629,34.96386881600889,34.96386881600889,パープルランカー,
591D2376-A31B-48B8-BC6D-CF4D2CD817D4.jpeg,OK,3,0.076389,0.763889,0.159722,100.764,76.389,64.706,74.052,AAA+,Fast Type,897,49.861033907726515,49.861033907726515,パープルランカー,
59_佐賀美陣_グラフ_=EYE=.PNG,OK,3,0.040201,0.748744,0.211055,100.749,74.874,32.000,66.299,A+,Fast Type,1451,80.65591995553085,80.65591995553085,ブルーランカー,
59_佐賀美陣_グラフ_BIGBANG REFLECTION!!.png,OK,3,0.095000,0.760000,0.145000,100.760,76.000,79.167,76.633,S,All Round Player,662,36.798221234018904,36.798221234018904,パープルランカー,
59_佐賀美陣_グラフ_サヨナラ・ヘヴン.png,OK,3,0.085427,0.809045,0.105528,100.809,80.905,89.474,82.618,SS+,Precision Master,183,10.172317954419121,10.172317954419121,シルバーランカー,
59_佐賀美陣_グラフ_僕の気持ちを描く.png,OK,3,0.089552,0.791045,0.119403,100.791,79.104,85.714,80.426,SS,All Round Player,335,18.621456364647027,18.621456364647027,シルバーランカー,
5_氷鷹北斗_グラフ_Ai☆$!!.png,OK,3,0.094527,0.791045,0.114428,100.791,79.104,90.476,81.379,SS,Balanced Player,264,14.674819344080046,14.674819344080046,シルバーランカー,
5_氷鷹北斗_グラフ_Dear World(3DMV).PNG,OK,3,0.035000,0.880000,0.085000,100.880,88.000,58.333,82.067,SS+,Amazing Specialist,220,12.229016120066703,12.229016120066703,シルバーランカー,
5_氷鷹北斗_グラフ_Dear World(ムービー).PNG,OK,3,0.035000,0.875000,0.090000,100.875,87.500,56.000,81.200,SS,Amazing Specialist,280,15.56420233463035,15.56420233463035,シルバーランカー,
5_氷鷹北斗_グラフ_Graceful Punishment.PNG,OK,3,0.046243,0.786127,0.167630,100.786,78.613,43.243,71.539,AA+,Fast Type,1104,61.3674263479711,61.3674263479711,オレンジランカー,
5_氷鷹北斗_グラフ_It's k(not) lov.PNG,OK,3,0.092486,0.757225,0.150289,100.757,75.723,76.190,75.816,AAA+,All Round Player,745,41.41189549749861,41.41189549749861,パープルランカー,
5_氷鷹北斗_グラフ_Joyful×box.PNG,OK,3,0.028736,0.781609,0.189655,100.782,78.161,26.316,67.792,A+,Fast Type,1371,76.20900500277932,76.20900500277932,グリーンランカー,
5_氷鷹北斗_グラフ_Stranger's Sun.PNG,OK,3,0.110553,0.758794,0.130653,100.759,75.879,91.667,79.037,S+,Balanced Player,442,24.569205113952194,24.569205113952194,ブロンズランカー,
5_氷鷹北斗_グラフ_きたさいたま2000.PNG,OK,3,0.126437,0.787356,0.086207,100.787,78.736,81.081,79.205,S+,All Round Player,430,23.902167871039467,23.902167871039467,ブロンズランカー,
5_氷鷹北斗_グラフ_らびゅ&ピース伝説.PNG,OK,3,0.186047,0.779070,0.034884,100.779,77.907,31.579,68.641,AA,Slow Type,1328,73.81878821567538,73.81878821567538,グリーンランカー,
5_氷鷹北斗_グラフ_サヨナラ・ヘヴン.png,OK,3,0.125000,0.775000,0.100000,100.775,77.500,88.889,79.778,S+,Balanced Player,387,21.51195108393552,21.51195108393552,ブロンズランカー,
5_氷鷹北斗_グラフ_スキスキハンター♡(ムービー).PNG,OK,3,0.040230,0.695402,0.264368,100.695,69.540,26.415,60.915,BB,Fast Type,1648,91.60644802668149,91.60644802668149,ホワイトランカー,
5_氷鷹北斗_グラフ_僕の気持ちを描く.png,OK,3,0.049751,0.805970,0.144279,100.806,80.597,51.282,74.734,AAA+,Amazing Specialist,838,46.58143413007226,46.58143413007226,パープルランカー,
5_氷鷹北斗_グラフ_朧.png,OK,3,0.105528,0.793970,0.100503,100.794,79.397,97.561,83.030,SS+,Balanced Player,164,9.116175653140633,9.116175653140633,ゴールドランカー,
5_氷鷹北斗_グラフ_熱血☆流星忍法帖.PNG,OK,3,0.069767,0.779070,0.151163,100.779,77.907,63.158,74.957,AAA+,Fast Type,815,45.3029460811562,45.3029460811562,パープルランカー,
5_氷鷹北斗_グラフ_終わらないシンフォニア.PNG,OK,3,0.034682,0.832370,0.132948,100.832,83.237,41.379,74.865,AAA+,Amazing Specialist,824,45.803224013340746,45.803224013340746,パープルランカー,
5B18D252-AD25-4A75-8160-B41FCE237763.jpg,OK,3,0.263889,0.673611,0.062500,100.674,67.361,38.298,61.548,BB,Slow Type,1634,90.82823790994998,90.82823790994998,ホワイトランカー,
5B3E1EE1-4A37-46AA-A76B-547E33B92526.jpeg,OK,3,0.166667,0.735294,0.098039,100.735,73.529,74.074,73.638,AAA,All Round Player,936,52.02890494719289,52.02890494719289,レッドランカー,
5B4E9C66-3A77-42E4-98E8-0C0EE3E5FAD7.jpeg,OK,3,0.151724,0.737931,0.110345,100.738,73.793,84.211,75.877,AAA+,All Round Player,740,41.133963312951636,41.133963312951636,パープルランカー,
5CF7E05C-0268-4A41-B429-1B53C8D10D5D.jpeg,OK,3,0.082759,0.731034,0.186207,100.731,73.103,61.538,70.790,AA+,Fast Type,1171,65.0917176209005,65.0917176209005,オレンジランカー,
5D61D673-A5A4-4C70-AD75-5B5F3DF6B798.jpeg,OK,3,0.067961,0.737864,0.194175,100.738,73.786,51.852,69.399,AA,Fast Type,1270,70.59477487493052,70.59477487493052,グリーンランカー,
5D8F567F-EFE0-49FC-89B9-1363471631F9.jpg,OK,3,0.131034,0.793103,0.075862,100.793,79.310,73.333,78.115,S+,All Round Player,516,28.682601445247357,28.682601445247357,ブロンズランカー,
5DC83813-F7AA-44F6-9548-59BDE81E3BE1.jpeg,OK,3,0.062069,0.765517,0.172414,100.766,76.552,52.941,71.830,AA+,Fast Type,1085,60.311284046692606,60.311284046692606,オレンジランカー,
5F24D75E-31D9-4348-ABEB-85959B1C8634.jpg,OK,3,0.256944,0.694444,0.048611,100.694,69.444,31.818,61.919,BB,Slow Type,1623,90.21678710394664,90.21678710394664,ホワイトランカー,
5F71FB7F-3C29-475F-B755-4FFE490C69D4.jpeg,OK,3,0.062069,0.813793,0.124138,100.814,81.379,66.667,78.437,S+,Amazing Specialist,491,27.292940522512506,27.292940522512506,ブロンズランカー,
5FB4A8F2-E44D-435C-8A55-A95317BEEDD7.jpg,OK,3,0.160920,0.724138,0.114943,100.724,72.414,83.333,74.598,AAA+,All Round Player,856,47.58198999444135,47.58198999444135,パープルランカー,
5FE22ABD-6DBD-4A00-8DA4-5071FE081912.png,OK,3,0.055866,0.648045,0.296089,100.648,64.804,31.746,58.193,B,Fast Type,1709,94.99722067815452,94.99722067815452,ホワイトランカー,
602B79AE-DB57-45A6-9D18-36107B580CEE.png,OK,3,0.128492,0.692737,0.178771,100.693,69.274,83.636,72.146,AAA,All Round Player,1056,58.69927737632018,58.69927737632018,レッドランカー,
6042FF1B-96AD-403C-8B76-327B991A2745.jpeg,OK,3,0.067961,0.766990,0.165049,100.767,76.699,58.333,73.026,AAA,Fast Type,982,54.58588104502501,54.58588104502501,レッドランカー,
6046D58F-5FC7-4CD8-B500-3BE7203114F7.jpeg,OK,3,0.039216,0.686275,0.274510,100.686,68.627,25.000,59.902,B,Fast Type,1668,92.71817676486937,92.71817676486937,ホワイトランカー,
60_椚章臣_グラフ_僕の気持ちを描く.png,OK,3,0.050251,0.859296,0.090452,100.859,85.930,71.429,83.029,SS+,Amazing Specialist,165,9.171762090050027,9.171762090050027,ゴールドランカー,
60D13B1D-F95D-4595-A3A0-F2781CD87C6A.jpeg,OK,3,0.277778,0.631944,0.090278,100.632,63.194,49.057,60.367,BB,Slow Type,1659,92.21789883268482,92.21789883268482,ホワイトランカー,
6155D303-A6D5-42E7-BEA5-CAA502F7C888.jpeg,OK,3,0.069444,0.701389,0.229167,100.701,70.139,46.512,65.413,A,Fast Type,1502,83.49082823790995,83.49082823790995,ブルーランカー,
6179F5A8-DA36-4EAB-A316-E70D5A990D09.jpeg,OK,3,0.068627,0.774510,0.156863,100.775,77.451,60.870,74.135,AAA+,Fast Type,890,49.47192884936076,49.47192884936076,パープルランカー,
617EECB9-1D04-474F-846F-99DAFABAD0CF.jpeg,OK,3,0.049020,0.715686,0.235294,100.716,71.569,34.483,64.151,A,Fast Type,1552,86.27015008337966,86.27015008337966,ブルーランカー,
627A70C6-ECF2-4FD7-A8C4-8C21EF07B4BF.jpeg,OK,3,0.137931,0.682759,0.179310,100.683,68.276,86.957,72.012,AAA,All Round Player,1066,59.25514174541412,59.25514174541412,レッドランカー,
62D014BD-0F45-498B-9612-F3B93BB7BBB0.jpeg,OK,3,0.117647,0.705882,0.176471,100.706,70.588,80.000,72.471,AAA,All Round Player,1029,57.19844357976653,57.19844357976653,レッドランカー,
63A4DADB-0A6E-430F-8D26-168811DE7B40.jpg,OK,3,0.125714,0.697143,0.177143,100.697,69.714,83.019,72.375,AAA,All Round Player,1036,57.58754863813229,57.58754863813229,レッドランカー,
64CE1D17-98C0-419B-9FEC-3DFB25358410.jpeg,OK,3,0.045977,0.660920,0.293103,100.661,66.092,27.119,58.297,B,Fast Type,1707,94.88604780433573,94.88604780433573,ホワイトランカー,
653F898E-0334-48EC-A95F-4567BFB0C4C9.png,OK,3,0.156425,0.698324,0.145251,100.698,69.832,96.296,75.125,AAA+,Balanced Player,799,44.41356309060589,44.41356309060589,パープルランカー,
658AFE6D-EE31-413F-85A0-21BF503D0BCF.jpg,OK,3,0.119171,0.658031,0.222798,100.658,65.803,69.697,66.582,A+,Fast Type,1437,79.87770983879933,79.87770983879933,グリーンランカー,
66ACCA52-9D3A-477C-82CC-A64837240B1B.png,OK,3,0.284916,0.664804,0.050279,100.665,66.480,30.000,59.184,B,Slow Type,1689,93.88549193996664,93.88549193996664,ホワイトランカー,
67139A75-9BCB-465A-8395-2266BD949ECF.jpeg,OK,3,0.062500,0.736111,0.201389,100.736,73.611,47.368,68.363,AA,Fast Type,1345,74.76375764313508,74.76375764313508,グリーンランカー,
6759DB0A-3112-4AE5-9AFD-8BC09817C417.jpeg,OK,3,0.087379,0.757282,0.155340,100.757,75.728,72.000,74.983,AAA+,All Round Player,810,45.02501389660923,45.02501389660923,パープルランカー,
675CC931-DAB5-43BA-B2F1-6D86381DD260.jpg,OK,3,0.132948,0.699422,0.167630,100.699,69.942,88.462,73.646,AAA,Balanced Player,933,51.86214563646471,51.86214563646471,レッドランカー,
6787EAE5-DF16-4D83-BF1D-AAF86DD193F4.jpeg,OK,3,0.058252,0.737864,0.203883,100.738,73.786,44.444,67.918,A+,Fast Type,1363,75.76431350750417,75.76431350750417,グリーンランカー,
6833EBC5-8B3F-46DE-B0E9-74B8C758A729.jpg,OK,3,0.117241,0.744828,0.137931,100.745,74.483,91.892,77.965,S,Balanced Player,534,29.683157309616455,29.683157309616455,ブロンズランカー,
6_明星スバル_グラフ_=EYE=.PNG,OK,3,0.025000,0.725000,0.250000,100.725,72.500,18.182,61.636,BB,Fast Type,1632,90.71706503613119,90.71706503613119,ホワイトランカー,
6_明星スバル_グラフ_Dear World(3DMV).PNG,OK,3,0.065000,0.850000,0.085000,100.850,85.000,86.667,85.333,SSS,Amazing Specialist,74,4.113396331295164,4.113396331295164,プラチナランカー,
6_明星スバル_グラフ_Dear World(ムービー).PNG,OK,3,0.020101,0.824121,0.155779,100.824,82.412,22.857,70.501,AA+,Amazing Specialist,1193,66.31461923290716,66.31461923290716,オレンジランカー,
6_明星スバル_グラフ_FORBIDDEN RAIN.png,OK,3,0.295000,0.670000,0.035000,100.670,67.000,21.212,57.842,CCC,Slow Type,1716,95.38632573652029,95.38632573652029,ホワイトランカー,
6_明星スバル_グラフ_Graceful Punishment.PNG,OK,3,0.017241,0.706897,0.275862,100.707,70.690,11.765,58.905,B,Fast Type,1696,94.2745969983324,94.2745969983324,ホワイトランカー,
6_明星スバル_グラフ_It's k(not) lov.PNG,OK,3,0.190751,0.751445,0.057803,100.751,75.145,46.512,69.418,AA,Slow Type,1268,70.48360200111173,70.48360200111173,グリーンランカー,
6_明星スバル_グラフ_Joyful×box.PNG,OK,3,0.017341,0.734104,0.248555,100.734,73.410,13.043,61.337,BB,Fast Type,1641,91.21734296831573,91.21734296831573,ホワイトランカー,
6_明星スバル_グラフ_Stranger's Sun.PNG,OK,3,0.065327,0.758794,0.175879,100.759,75.879,54.167,71.537,AA+,Fast Type,1105,61.42301278488049,61.42301278488049,オレンジランカー,
6_明星スバル_グラフ_きたさいたま2000.PNG,OK,3,0.092486,0.815029,0.092486,100.815,81.503,100.000,85.202,SSS,Precision Master,77,4.280155642023346,4.280155642023346,プラチナランカー,
6_明星スバル_グラフ_それは残像の消失店.png,OK,3,0.065000,0.725000,0.210000,100.725,72.500,47.273,67.455,A+,Fast Type,1394,77.4874930516954,77.4874930516954,グリーンランカー,
6_明星スバル_グラフ_ゴーゴー・キッチン.PNG,OK,3,0.029070,0.854651,0.116279,100.855,85.465,40.000,76.372,S,Amazing Specialist,688,38.243468593663145,38.243468593663145,パープルランカー,
6_明星スバル_グラフ_僕の気持ちを描く.png,OK,3,0.079602,0.810945,0.109453,100.811,81.095,84.211,81.718,SS,Amazing Specialist,237,13.173985547526405,13.173985547526405,シルバーランカー,
6AAD0CB6-F3B7-45B3-8EB1-D4B9090AD55B.jpeg,OK,3,0.186207,0.724138,0.089655,100.724,72.414,65.000,70.931,AA+,Slow Type,1156,64.25792106725959,64.25792106725959,オレンジランカー,
6B0409F0-D773-48EE-8895-3260819F8261.jpeg,OK,3,0.117241,0.724138,0.158621,100.724,72.414,85.000,74.931,AAA+,All Round Player,816,45.358532518065594,45.358532518065594,パープルランカー,
6DA137E2-C2B8-4527-A279-CA4C3CDA6454.jpg,OK,3,0.113636,0.761364,0.125000,100.761,76.136,95.238,79.957,S+,Balanced Player,373,20.733740967204003,20.733740967204003,ブロンズランカー,
6E221C3C-8FEE-4446-9BD6-CDA2E6F553DC.jpeg,OK,3,0.075145,0.739884,0.184971,100.740,73.988,57.778,70.746,AA+,Fast Type,1174,65.25847693162868,65.25847693162868,オレンジランカー,
6E2331EB-CA9B-4784-B4B0-9CCB15F6B3B0.jpeg,OK,3,0.068627,0.705882,0.225490,100.706,70.588,46.667,65.804,A,Fast Type,1483,82.43468593663145,82.43468593663145,ブルーランカー,
6F12C088-942A-4396-AC5A-FEE75A4FA8D8.jpeg,OK,3,0.090395,0.745763,0.163842,100.746,74.576,71.111,73.883,AAA,All Round Player,913,50.75041689827682,50.75041689827682,レッドランカー,
6F31E99F-2C18-4D59-8C8A-AC4F472D212A.jpeg,OK,3,0.038835,0.660194,0.300971,100.660,66.019,22.857,57.387,CCC,Fast Type,1726,95.94219010561423,95.94219010561423,ホワイトランカー,
6F3C786D-9307-4AFA-A00C-31FB88E269D8.jpeg,OK,3,0.049020,0.637255,0.313725,100.637,63.725,27.027,56.386,CCC,Fast Type,1739,96.66481378543635,96.66481378543635,ホワイトランカー,
6FAABF55-2122-4777-B4BD-4A8B40350A24.jpeg,OK,3,0.097087,0.737864,0.165049,100.738,73.786,74.074,73.844,AAA,All Round Player,915,50.861589772095606,50.861589772095606,レッドランカー,
6FB77F9C-55C5-4E3C-AFCE-46E16277385A.jpg,OK,3,0.144828,0.793103,0.062069,100.793,79.310,60.000,75.448,AAA+,Slow Type,772,42.91272929405225,42.91272929405225,パープルランカー,
6FCF9635-40DC-4FB9-A35E-E0CBE4BDA2D4.jpeg,OK,3,0.183908,0.672414,0.143678,100.672,67.241,87.719,71.337,AA+,Balanced Player,1123,62.42356864924958,62.42356864924958,オレンジランカー,
719129B3-BADD-44B2-B013-CEFA48A77536.jpeg,OK,3,0.136364,0.736364,0.127273,100.736,73.636,96.552,78.219,S+,Balanced Player,506,28.126737076153418,28.126737076153418,ブロンズランカー,
71CF5872-ACE2-4B8A-A3E4-9B72848221C2.jpeg,OK,3,0.098039,0.745098,0.156863,100.745,74.510,76.923,74.992,AAA+,All Round Player,809,44.96942745969984,44.96942745969984,パープルランカー,
74272D21-5B2F-4AF3-9C18-407EFC3AD956.jpg,OK,3,0.077465,0.746479,0.176056,100.746,74.648,61.111,71.941,AA+,Fast Type,1079,59.97776542523624,59.97776542523624,レッドランカー,
7498026D-4D80-406C-ADBC-0750544BFCED.jpeg,OK,3,0.048611,0.687500,0.263889,100.688,68.750,31.111,61.222,BB,Fast Type,1643,91.32851584213452,91.32851584213452,ホワイトランカー,
74B4CB5A-FA94-4BE0-A145-828148229938.jpeg,OK,3,0.131944,0.784722,0.083333,100.785,78.472,77.419,78.262,S+,All Round Player,502,27.904391328515842,27.904391328515842,ブロンズランカー,
776F7560-CA59-495E-8F30-30794D62149C.jpg,OK,3,0.112994,0.762712,0.124294,100.763,76.271,95.238,80.065,SS,Balanced Player,365,20.28904947192885,20.28904947192885,ブロンズランカー,
7907F233-EB3F-4022-8B53-1652449FF763.jpg,OK,3,0.170455,0.738636,0.090909,100.739,73.864,69.565,73.004,AAA,Slow Type,988,54.91939966648138,54.91939966648138,レッドランカー,
793D9DD3-6CD3-4597-BC48-168D0EDAE652.jpeg,OK,3,0.241379,0.710345,0.048276,100.710,71.034,33.333,63.494,BBB,Slow Type,1581,87.88215675375208,87.88215675375208,ブルーランカー,
7966839E-A317-4052-948E-D44085402F4E.jpeg,OK,3,0.068966,0.744828,0.186207,100.745,74.483,54.054,70.397,AA+,Fast Type,1202,66.81489716509171,66.81489716509171,オレンジランカー,
799ABD39-1042-44FF-874A-907831DCB6B9.jpeg,OK,3,0.117647,0.784314,0.098039,100.784,78.431,90.909,80.927,SS,Balanced Player,297,16.509171762090048,16.509171762090048,シルバーランカー,
7_遊木真_グラフ_BIGBANG REFLECTION!!.png,OK,3,0.060302,0.723618,0.216080,100.724,72.362,43.636,66.617,A+,Fast Type,1433,79.65536409116176,79.65536409116176,グリーンランカー,
7_遊木真_グラフ_CIVIL WAR.PNG,OK,3,0.055000,0.845000,0.100000,100.845,84.500,70.968,81.794,SS,Amazing Specialist,234,13.007226236798223,13.007226236798223,シルバーランカー,
7_遊木真_グラフ_Dear World(ムービー).PNG,OK,3,0.020000,0.825000,0.155000,100.825,82.500,22.857,70.571,AA+,Amazing Specialist,1187,65.9811006114508,65.9811006114508,オレンジランカー,
7_遊木真_グラフ_FORBIDDEN RAIN.png,OK,3,0.095477,0.768844,0.135678,100.769,76.884,82.609,78.029,S+,All Round Player,526,29.238465814341303,29.238465814341303,ブロンズランカー,
7_遊木真_グラフ_Joyful×box.PNG,OK,3,0.028736,0.793103,0.178161,100.793,79.310,27.778,69.004,AA,Fast Type,1305,72.54030016675931,72.54030016675931,グリーンランカー,
7_遊木真_グラフ_Rainbow Stairway.png,OK,3,0.040201,0.728643,0.231156,100.729,72.864,29.630,64.217,A,Fast Type,1549,86.10339077265148,86.10339077265148,ブルーランカー,
7_遊木真_グラフ_The・プリティカルパレード♪.PNG,OK,3,0.025000,0.785000,0.190000,100.785,78.500,23.256,67.451,A+,Fast Type,1395,77.54307948860479,77.54307948860479,グリーンランカー,
7_遊木真_グラフ_サヨナラ・ヘヴン.png,OK,3,0.160000,0.715000,0.125000,100.715,71.500,87.719,74.744,AAA+,Balanced Player,837,46.525847693162866,46.525847693162866,パープルランカー,
7_遊木真_グラフ_スキスキハンター♡(ムービー).PNG,OK,3,0.063953,0.796512,0.139535,100.797,79.651,62.857,76.292,S,Fast Type,693,38.52140077821012,38.52140077821012,パープルランカー,
7_遊木真_グラフ_セイクリッド ルイン.PNG,OK,3,0.034884,0.755814,0.209302,100.756,75.581,28.571,66.179,A+,Fast Type,1459,81.100611450806,81.100611450806,ブルーランカー,
7_遊木真_グラフ_プロローグのそのあとへ.png,OK,3,0.064677,0.825871,0.109453,100.826,82.587,74.286,80.927,SS,Amazing Specialist,298,16.564758198999442,16.564758198999442,シルバーランカー,
7_遊木真_グラフ_熱血☆流星忍法帖.PNG,OK,3,0.063953,0.750000,0.186047,100.750,75.000,51.163,70.233,AA+,Fast Type,1209,67.20400222345748,67.20400222345748,オレンジランカー,
7_遊木真_グラフ_瞬きSign☆.PNG,OK,3,0.129353,0.810945,0.059701,100.811,81.095,63.158,77.507,S,Amazing Specialist,574,31.906614785992215,31.906614785992215,パープルランカー,
7_遊木真_グラフ_終わらないシンフォニア.PNG,OK,3,0.023121,0.710983,0.265896,100.711,71.098,16.000,60.079,BB,Fast Type,1663,92.4402445803224,92.4402445803224,ホワイトランカー,
7A0D33A4-8474-4988-82DD-E07C316BC1F5.jpeg,OK,3,0.172414,0.779310,0.048276,100.779,77.931,43.750,71.095,AA+,Slow Type,1142,63.479710950528066,63.479710950528066,オレンジランカー,
7AC2A3B4-A2DE-4480-A761-D586848B01B8.jpeg,OK,3,0.139535,0.686047,0.174419,100.686,68.605,88.889,72.661,AAA,Balanced Player,1015,56.42023346303502,56.42023346303502,レッドランカー,
7BE4C4F8-B4F8-482D-B0B0-6B18555C4BF2.jpeg,OK,3,0.256944,0.680556,0.062500,100.681,68.056,39.130,62.271,BBB,Slow Type,1615,89.77209560867149,89.77209560867149,ブルーランカー,
7CFEE95D-2C42-40C5-98EF-1BC5CE1BD747.jpeg,OK,3,0.138614,0.752475,0.108911,100.752,75.248,88.000,77.798,S,Balanced Player,546,30.35019455252918,30.35019455252918,パープルランカー,
7D307C4D-A9F9-412F-BB3B-6A820EA5E473.jpeg,OK,3,0.088235,0.754902,0.156863,100.755,75.490,72.000,74.792,AAA+,All Round Player,832,46.2479155086159,46.2479155086159,パープルランカー,
7ED2F0DC-6BB2-407D-9A88-8979AEBD710C.jpg,OK,3,0.191011,0.685393,0.123596,100.685,68.539,78.571,70.546,AA+,All Round Player,1189,66.09227348526959,66.09227348526959,オレンジランカー,
7F237B5F-7117-441B-9AC3-13D44EB96773.png,OK,3,0.044693,0.547486,0.407821,100.547,54.749,19.753,47.749,F,Fast Type,1790,99.49972206781545,99.49972206781545,ホワイトランカー,
7FACBE63-5746-40D0-9055-980561A13CB2.jpg,OK,3,0.131034,0.710345,0.158621,100.710,71.034,90.476,74.923,AAA+,Balanced Player,817,45.41411895497499,45.41411895497499,パープルランカー,
806A4943-E5FC-417F-9F08-0C60FF4ABC65.jpeg,OK,3,0.089109,0.732673,0.178218,100.733,73.267,66.667,71.947,AA+,Fast Type,1077,59.866592551417455,59.866592551417455,レッドランカー,
823CC936-6584-40B8-82FA-BF0638E2790A.jpeg,OK,3,0.151724,0.758621,0.089655,100.759,75.862,74.286,75.547,AAA+,All Round Player,764,42.4680377987771,42.4680377987771,パープルランカー,
8288B877-CC0C-4290-A27B-E71ABE143165.jpeg,OK,3,0.158621,0.751724,0.089655,100.752,75.172,72.222,74.582,AAA+,All Round Player,859,47.74874930516954,47.74874930516954,パープルランカー,
829BC7D4-68DF-4E70-AC1A-2B19F93F6946.png,OK,3,0.344444,0.627778,0.027778,100.628,62.778,14.925,53.207,C,Slow Type,1772,98.49916620344636,98.49916620344636,ホワイトランカー,
82A87B1D-2B77-4C52-A1D0-08E6209D3408.jpeg,OK,3,0.220690,0.689655,0.089655,100.690,68.966,57.778,66.728,A+,Slow Type,1429,79.43301834352418,79.43301834352418,グリーンランカー,
8823DFD1-28BE-4C19-80A5-793011C999D3.png,OK,3,0.183333,0.672222,0.144444,100.672,67.222,88.136,71.405,AA+,Balanced Player,1118,62.14563646470261,62.14563646470261,オレンジランカー,
8907374D-CD93-4014-B2DD-FBA3CBDCB8B7.jpg,OK,3,0.166667,0.743056,0.090278,100.743,74.306,70.270,73.498,AAA,Slow Type,948,52.69594219010562,52.69594219010562,レッドランカー,
89FA0981-E99E-46AF-A207-AA96EAE672E6.jpg,OK,3,0.084746,0.762712,0.152542,100.763,76.271,71.429,75.303,AAA+,All Round Player,786,43.69093941078377,43.69093941078377,パープルランカー,
8_衣更真緒_グラフ_Ai☆$!!.png,OK,3,0.124378,0.781095,0.094527,100.781,78.109,86.364,79.760,S+,All Round Player,389,21.62312395775431,21.62312395775431,ブロンズランカー,
8_衣更真緒_グラフ_Fight Is Only Fate.png,OK,3,0.045226,0.753769,0.201005,100.754,75.377,36.735,67.648,A+,Fast Type,1380,76.70928293496388,76.70928293496388,グリーンランカー,
8_衣更真緒_グラフ_It's k(not) lov.PNG,OK,3,0.122093,0.750000,0.127907,100.750,75.000,97.674,79.535,S+,Balanced Player,406,22.56809338521401,22.56809338521401,ブロンズランカー,
8_衣更真緒_グラフ_LOUDEST BUGS.png,OK,3,0.064677,0.796020,0.139303,100.796,79.602,63.415,76.365,S,Fast Type,690,38.35464146748194,38.35464146748194,パープルランカー,
8_衣更真緒_グラフ_Rainbow Stairway.png,OK,3,0.020101,0.668342,0.311558,100.668,66.834,12.121,55.892,CC,Fast Type,1743,96.88715953307393,96.88715953307393,ホワイトランカー,
8_衣更真緒_グラフ_きたさいたま2000.PNG,OK,3,0.069364,0.780347,0.150289,100.780,78.035,63.158,75.059,AAA+,Fast Type,805,44.74708171206226,44.74708171206226,パープルランカー,
8_衣更真緒_グラフ_それは残像の消失店.png,OK,3,0.040000,0.735000,0.225000,100.735,73.500,30.189,64.838,A,Fast Type,1527,84.8804891606448,84.8804891606448,ブルーランカー,
8_衣更真緒_グラフ_らびゅ&ピース伝説.PNG,OK,3,0.179191,0.791908,0.028902,100.792,79.191,27.778,68.908,AA,Slow Type,1311,72.87381878821567,72.87381878821567,グリーンランカー,
8_衣更真緒_グラフ_セツナDrops.PNG,OK,3,0.045000,0.740000,0.215000,100.740,74.000,34.615,66.123,A+,Fast Type,1464,81.37854363535297,81.37854363535297,ブルーランカー,
8_衣更真緒_グラフ_終わらないシンフォニア.PNG,OK,3,0.017241,0.660920,0.321839,100.661,66.092,10.169,54.907,CC,Fast Type,1756,97.60978321289605,97.60978321289605,ホワイトランカー,
8A722713-ED35-47BA-9DAD-8EE0358D06CC.jpeg,OK,3,0.067961,0.747573,0.184466,100.748,74.757,53.846,70.575,AA+,Fast Type,1186,65.9255141745414,65.9255141745414,オレンジランカー,
8AA413DE-FAFF-4F4A-A0FE-E86652D7576B.jpeg,OK,3,0.121827,0.786802,0.091371,100.787,78.680,85.714,80.087,SS,All Round Player,363,20.17787659811006,20.17787659811006,ブロンズランカー,
8B085F4E-383E-4D5D-B623-06F79C994660.jpg,OK,3,0.089655,0.765517,0.144828,100.766,76.552,76.471,76.535,S,All Round Player,670,37.242912729294055,37.242912729294055,パープルランカー,
8B227420-1A2C-40CD-A126-52B42E3BD89D.jpeg,OK,3,0.131944,0.777778,0.090278,100.778,77.778,81.250,78.472,S+,All Round Player,487,27.07059477487493,27.07059477487493,ブロンズランカー,
8B22B271-8339-4EE1-97FD-7997724D3031.jpg,OK,3,0.082759,0.744828,0.172414,100.745,74.483,64.865,72.559,AAA,Fast Type,1024,56.92051139521956,56.92051139521956,レッドランカー,
8C259B74-563F-4E5E-84B4-5EE3D9B8F661.jpg,OK,3,0.091429,0.805714,0.102857,100.806,80.571,94.118,83.281,SS+,Precision Master,151,8.393551973318509,8.393551973318509,ゴールドランカー,
8D357317-F346-48A2-A21E-833D9F22A428.jpeg,OK,3,0.193103,0.744828,0.062069,100.745,74.483,48.649,69.316,AA,Slow Type,1279,71.09505280711507,71.09505280711507,グリーンランカー,
8D3B0F4F-52F2-4883-A6BA-B120C74222B0.jpeg,OK,3,0.125000,0.687500,0.187500,100.688,68.750,80.000,71.000,AA+,All Round Player,1151,63.97998888271261,63.97998888271261,オレンジランカー,
8F83BCB2-A912-4C91-A8BD-6E03A3D7DCC7.jpg,OK,3,0.081818,0.609091,0.309091,100.609,60.909,41.860,57.099,CCC,Fast Type,1732,96.2757087270706,96.2757087270706,ホワイトランカー,
90E023AB-4BDF-4BE2-9377-2645A14CF359.jpeg,OK,3,0.131429,0.702857,0.165714,100.703,70.286,88.462,73.921,AAA,Balanced Player,909,50.52807115063924,50.52807115063924,レッドランカー,
90F13C10-C8CC-4171-B76A-AB91B2E3AC52.jpeg,OK,3,0.062500,0.701389,0.236111,100.701,70.139,41.860,64.483,A,Fast Type,1537,85.43635352973874,85.43635352973874,ブルーランカー,
938D51DE-E5B1-4E03-943B-014F386D4F4A.jpeg,OK,3,0.038835,0.699029,0.262136,100.699,69.903,25.806,61.084,BB,Fast Type,1646,91.4952751528627,91.4952751528627,ホワイトランカー,
953AA810-EB34-47D2-BF60-220A74009311.jpeg,OK,3,0.067961,0.786408,0.145631,100.786,78.641,63.636,75.640,AAA+,Fast Type,758,42.13451917732073,42.13451917732073,パープルランカー,
953CFA52-BFB7-41F9-ABCD-5248B301438B.jpeg,OK,3,0.176136,0.687500,0.136364,100.688,68.750,87.273,72.455,AAA,Balanced Player,1034,57.4763757643135,57.4763757643135,レッドランカー,
98F45284-8065-49CF-8539-F7C223919B6C.jpeg,OK,3,0.131034,0.668966,0.200000,100.669,66.897,79.167,69.351,AA,All Round Player,1276,70.92829349638689,70.92829349638689,グリーンランカー,
995E05AF-E353-497B-A2EB-B8E972934F4B.jpeg,OK,3,0.029126,0.631068,0.339806,100.631,63.107,15.789,53.643,C,Fast Type,1769,98.33240689271817,98.33240689271817,ホワイトランカー,
9_南雲鉄虎_グラフ_CIVIL WAR.PNG,OK,3,0.030151,0.859296,0.110553,100.859,85.930,42.857,77.315,S,Amazing Specialist,600,33.35186214563646,33.35186214563646,パープルランカー,
9_南雲鉄虎_グラフ_Dear World(3DMV).PNG,OK,3,0.060000,0.890000,0.050000,100.890,89.000,90.909,89.382,SSS+,Precision Master,6,0.33351862145636463,0.33351862145636463,レインボーランカー,
9_南雲鉄虎_グラフ_Dear World(ムービー).PNG,OK,3,0.045000,0.820000,0.135000,100.820,82.000,50.000,75.600,AAA+,Amazing Specialist,760,42.24569205113952,42.24569205113952,パープルランカー,
9_南雲鉄虎_グラフ_FORBIDDEN RAIN.png,OK,3,0.065327,0.718593,0.216080,100.719,71.859,46.429,66.773,A+,Fast Type,1427,79.3218454697054,79.3218454697054,グリーンランカー,
9_南雲鉄虎_グラフ_It's k(not) lov.PNG,OK,3,0.046512,0.656977,0.296512,100.657,65.698,27.119,57.982,CCC,Fast Type,1713,95.2195664257921,95.2195664257921,ホワイトランカー,
9_南雲鉄虎_グラフ_Joyful×box.PNG,OK,3,0.040462,0.751445,0.208092,100.751,75.145,32.558,66.627,A+,Fast Type,1432,79.59977765425236,79.59977765425236,グリーンランカー,
9_南雲鉄虎_グラフ_Stranger's Sun.PNG,OK,3,0.125628,0.758794,0.115578,100.759,75.879,95.833,79.870,S+,Balanced Player,379,21.067259588660367,21.067259588660367,ブロンズランカー,
9_南雲鉄虎_グラフ_The・プリティカルパレード♪.PNG,OK,3,0.050000,0.820000,0.130000,100.820,82.000,55.556,76.711,S,Amazing Specialist,656,36.46470261256253,36.46470261256253,パープルランカー,
9_南雲鉄虎_グラフ_スキスキハンター♡(ムービー).PNG,OK,3,0.058140,0.773256,0.168605,100.773,77.326,51.282,72.117,AAA,Fast Type,1058,58.81045025013897,58.81045025013897,レッドランカー,
9_南雲鉄虎_グラフ_プロローグのそのあとへ.png,OK,3,0.065000,0.840000,0.095000,100.840,84.000,81.250,83.450,SS+,Amazing Specialist,141,7.837687604224569,7.837687604224569,ゴールドランカー,
9_南雲鉄虎_グラフ_催花雨の片道切符.png,OK,3,0.090452,0.768844,0.140704,100.769,76.884,78.261,77.160,S,All Round Player,613,34.07448582545859,34.07448582545859,パープルランカー,
9_南雲鉄虎_グラフ_熱血☆流星忍法帖.PNG,OK,3,0.075145,0.716763,0.208092,100.717,71.676,53.061,67.953,A+,Fast Type,1361,75.65314063368538,75.65314063368538,グリーンランカー,
9_南雲鉄虎_グラフ_終わらないシンフォニア.PNG,OK,3,0.040462,0.763006,0.196532,100.763,76.301,34.146,67.870,A+,Fast Type,1366,75.93107281823235,75.93107281823235,グリーンランカー,
9BE8C0E0-F422-4002-A6E9-23C3383109D5.jpeg,OK,3,0.095890,0.773973,0.130137,100.774,77.397,84.848,78.888,S+,All Round Player,460,25.569760978321288,25.569760978321288,ブロンズランカー,
9BFE1FA7-E19C-4A39-B865-D7D812056253.jpeg,OK,3,0.282759,0.662069,0.055172,100.662,66.207,32.653,59.496,B,Slow Type,1674,93.05169538632573,93.05169538632573,ホワイトランカー,
9C5360E8-AFCB-49C9-BF48-BB90C6A44952.png,OK,3,0.100559,0.748603,0.150838,100.749,74.860,80.000,75.888,AAA+,All Round Player,739,41.07837687604224,41.07837687604224,パープルランカー,
9C9D5C68-453A-42C5-83D2-164113B8CA11.jpeg,OK,3,0.048544,0.572816,0.378641,100.573,57.282,22.727,50.371,D,Fast Type,1783,99.1106170094497,99.1106170094497,ホワイトランカー,
9D1635C2-5970-460A-B43C-26AA57F5BFC0.png,OK,3,0.067039,0.608939,0.324022,100.609,60.894,34.286,55.572,CC,Fast Type,1749,97.22067815453029,97.22067815453029,ホワイトランカー,
9EE19F4C-9C9A-4D74-AA32-B0966C75A05C.jpg,OK,3,0.172414,0.703448,0.124138,100.703,70.345,83.721,73.020,AAA,All Round Player,984,54.69705391884381,54.69705391884381,レッドランカー,
9F14C335-F2BC-4348-BEAB-EEE8F7897E6F.jpeg,OK,3,0.112994,0.745763,0.141243,100.746,74.576,88.889,77.439,S,Balanced Player,582,32.35130628126737,32.35130628126737,パープルランカー,
9FFDEB51-BD2F-41A5-8413-8843A939F4C5.jpeg,OK,3,0.284722,0.652778,0.062500,100.653,65.278,36.000,59.422,B,Slow Type,1681,93.44080044469149,93.44080044469149,ホワイトランカー,
A134F4D4-F1DB-4F23-962E-E8A217F1A952.jpeg,OK,3,0.289655,0.668966,0.041379,100.669,66.897,25.000,58.517,B,Slow Type,1703,94.66370205669816,94.66370205669816,ホワイトランカー,
A137C26F-F8EE-4CB5-81F9-9EEC5C09BE50.png,OK,3,0.156425,0.675978,0.167598,100.676,67.598,96.552,73.389,AAA,Balanced Player,957,53.196220122290164,53.196220122290164,レッドランカー,
A23C6A3F-4A6C-4421-88AE-5E6F5D046316.png,OK,3,0.067039,0.681564,0.251397,100.682,68.156,42.105,62.946,BBB,Fast Type,1593,88.54919399666481,88.54919399666481,ブルーランカー,
A2BF85E8-988B-426E-AE8D-B77FBE327BA2.jpeg,OK,3,0.097222,0.743056,0.159722,100.743,74.306,75.676,74.580,AAA+,All Round Player,860,47.80433574207893,47.80433574207893,パープルランカー,
A32CC7A9-1F4F-43AD-ADA5-3460C61854E7.jpeg,OK,3,0.058252,0.728155,0.213592,100.728,72.816,42.857,66.824,A+,Fast Type,1423,79.09949972206782,79.09949972206782,グリーンランカー,
A3D09DB6-4F85-4E86-93D9-E179E53FF66F.jpeg,OK,3,0.172414,0.724138,0.103448,100.724,72.414,75.000,72.931,AAA,All Round Player,998,55.47526403557532,55.47526403557532,レッドランカー,
A4CFC351-FFC4-4BE8-A2B5-E787E6212403.jpeg,OK,3,0.078431,0.754902,0.166667,100.755,75.490,64.000,73.192,AAA,Fast Type,974,54.14118954974986,54.14118954974986,レッドランカー,
A53F1F19-0A42-4668-B7B8-13578F3845BA.jpeg,OK,3,0.165049,0.786408,0.048544,100.786,78.641,45.455,72.004,AAA,Slow Type,1068,59.36631461923291,59.36631461923291,レッドランカー,
A5D39483-6E24-4B7A-B7EB-AB786F1C3D1C.jpeg,OK,3,0.201389,0.708333,0.090278,100.708,70.833,61.905,69.048,AA,Slow Type,1303,72.42912729294052,72.42912729294052,グリーンランカー,
A601.png,OK,3,0.368715,0.608939,0.022346,100.609,60.894,11.429,51.001,D,Slow Type,1781,98.99944413563091,98.99944413563091,ホワイトランカー,
A67E35CE-E50D-4BCD-B124-922AFF10C2FF.jpeg,OK,3,0.145833,0.756944,0.097222,100.757,75.694,80.000,76.556,S,All Round Player,669,37.18732629238466,37.18732629238466,パープルランカー,
A6C38DA0-2DF4-4ADF-97B5-69FE6ADB8E5D.jpeg,OK,3,0.034286,0.628571,0.337143,100.629,62.857,18.462,53.978,C,Fast Type,1766,98.16564758198999,98.16564758198999,ホワイトランカー,
A6E4EB88-EF0A-4298-B5B3-E01CEB280A6B.jpeg,OK,3,0.179191,0.676301,0.144509,100.676,67.630,89.286,71.961,AA+,Balanced Player,1076,59.81100611450806,59.81100611450806,レッドランカー,
A6F3AE0A-9093-4F59-9903-359B57579F40.png,OK,3,0.233333,0.638889,0.127778,100.639,63.889,70.769,65.265,A,Slow Type,1509,83.87993329627571,83.87993329627571,ブルーランカー,
A855A252-0C3F-42B4-8F9A-D9DAC5ECC1F9.jpeg,OK,3,0.127451,0.705882,0.166667,100.706,70.588,86.667,73.804,AAA,All Round Player,919,51.08393551973318,51.08393551973318,レッドランカー,
A929863D-36D2-4802-844B-553CD972C09F.jpeg,OK,3,0.191781,0.726027,0.082192,100.726,72.603,60.000,70.082,AA+,Slow Type,1224,68.03779877709839,68.03779877709839,オレンジランカー,
A9BE36B8-5913-4FB8-AA45-FFCDBDDC4BD9.jpeg,OK,3,0.111111,0.770833,0.118056,100.771,77.083,96.970,81.061,SS,Balanced Player,288,16.008893829905503,16.008893829905503,シルバーランカー,
AB1E79F5-FA93-48C3-A6DB-5A74BAB8D442.jpg,OK,3,0.141243,0.728814,0.129944,100.729,72.881,95.833,77.472,S,Balanced Player,579,32.18454697053919,32.18454697053919,パープルランカー,
AB66CA3B-1B85-4AB9-B201-2DEC17BDDDC4.png,OK,3,0.033333,0.572222,0.394444,100.572,57.222,15.584,48.895,E,Fast Type,1788,99.38854919399667,99.38854919399667,ホワイトランカー,
AB7A6933-A58E-4F8D-A9C0-DA7684D05FDA.jpeg,OK,3,0.085714,0.720000,0.194286,100.720,72.000,61.224,69.845,AA,Fast Type,1245,69.20511395219566,69.20511395219566,オレンジランカー,
AD94F236-C81D-4BD7-A970-BAF242A0D5B3.jpeg,OK,3,0.208333,0.715278,0.076389,100.715,71.528,53.659,67.954,A+,Slow Type,1360,75.59755419677599,75.59755419677599,グリーンランカー,
ADB16593-AA97-492C-801F-BFBAD58D1473.jpeg,OK,3,0.171429,0.714286,0.114286,100.714,71.429,80.000,73.143,AAA,All Round Player,976,54.25236242356865,54.25236242356865,レッドランカー,
Aisle.png,OK,3,0.195531,0.726257,0.078212,100.726,72.626,57.143,69.529,AA,Slow Type,1261,70.09449694274596,70.09449694274596,グリーンランカー,
Aisle2.png,OK,3,0.195531,0.664804,0.139665,100.665,66.480,83.333,69.851,AA,All Round Player,1244,69.14952751528627,69.14952751528627,オレンジランカー,
Antique.png,OK,3,0.122222,0.755556,0.122222,100.756,75.556,100.000,80.444,SS,Balanced Player,333,18.51028349082824,18.51028349082824,シルバーランカー,
Article.png,OK,3,0.316667,0.650000,0.033333,100.650,65.000,19.048,55.810,CC,Slow Type,1744,96.94274596998332,96.94274596998332,ホワイトランカー,
B091852A-E630-4BCA-B666-21D302DE83D6.png,OK,3,0.172222,0.722222,0.105556,100.722,72.222,76.000,72.978,AAA,All Round Player,992,55.14174541411896,55.14174541411896,レッドランカー,
B0D540C2-296C-46A3-8AFD-6FBA9EEBFE9B.jpeg,OK,3,0.049020,0.647059,0.303922,100.647,64.706,27.778,57.320,CCC,Fast Type,1730,96.1645358532518,96.1645358532518,ホワイトランカー,
B1FB8824-6101-4B51-88E7-D2513084C1FC.jpg,OK,3,0.193182,0.693182,0.113636,100.693,69.318,74.074,70.269,AA+,All Round Player,1206,67.03724291272928,67.03724291272928,オレンジランカー,
B3CA1BBA-4DE2-4CC7-B325-E149EEEFA432.jpg,OK,3,0.068966,0.772414,0.158621,100.772,77.241,60.606,73.914,AAA,Fast Type,911,50.63924402445803,50.63924402445803,レッドランカー,
B3DEBA75-0839-4B7F-BC36-E364B4C7EC57.jpeg,OK,3,0.333333,0.638889,0.027778,100.639,63.889,15.385,54.188,CC,Slow Type,1760,97.83212896053362,97.83212896053362,ホワイトランカー,
B44E004B-EC1A-4D9B-94A1-44F35239622B.jpg,OK,3,0.116438,0.767123,0.116438,100.767,76.712,100.000,81.370,SS,Balanced Player,266,14.785992217898833,14.785992217898833,シルバーランカー,
B47FE8B4-6D8C-4B0D-AD57-5B7E92E982C1.jpeg,OK,3,0.055172,0.758621,0.186207,100.759,75.862,45.714,69.833,AA,Fast Type,1247,69.31628682601445,69.31628682601445,オレンジランカー,
B4802422-3EFB-4BDB-8DA6-06EDBB81FD88.png,OK,3,0.127778,0.738889,0.133333,100.739,73.889,97.872,78.686,S+,Balanced Player,471,26.181211784324628,26.181211784324628,ブロンズランカー,
B506D752-333B-4326-99B4-F9005049BF6C.jpeg,OK,3,0.067961,0.718447,0.213592,100.718,71.845,48.276,67.131,A+,Fast Type,1407,78.21011673151752,78.21011673151752,グリーンランカー,
B50E5ECD-E33E-48C3-96F8-7CC7A4FAE7B7.jpeg,OK,3,0.124138,0.737931,0.137931,100.738,73.793,94.737,77.982,S,Balanced Player,532,29.571984435797667,29.571984435797667,ブロンズランカー,
B51317B3-2DC3-4726-B04A-2EDFCEFD5375.jpeg,OK,3,0.117647,0.745098,0.137255,100.745,74.510,92.308,78.069,S+,Balanced Player,524,29.127292940522516,29.127292940522516,ブロンズランカー,
B5AAE3B9-33BC-4853-8CDA-17C36CED8AFC.jpeg,OK,3,0.172414,0.696552,0.131034,100.697,69.655,86.364,72.997,AAA,All Round Player,989,54.974986103390776,54.974986103390776,レッドランカー,
B6BC7984-A85A-40DD-993E-3635E6910DFA.jpeg,OK,3,0.078431,0.745098,0.176471,100.745,74.510,61.538,71.916,AA+,Fast Type,1080,60.033351862145636,60.033351862145636,オレンジランカー,
B93A741F-2400-45CD-8C0A-A9A9C7A22F7F.png,OK,3,0.038889,0.672222,0.288889,100.672,67.222,23.729,58.524,B,Fast Type,1702,94.60811561978876,94.60811561978876,ホワイトランカー,
B94A99B0-D83A-4640-9050-B57E87AA4002.jpg,OK,3,0.137931,0.703448,0.158621,100.703,70.345,93.023,74.881,AAA+,Balanced Player,821,45.636464702612564,45.636464702612564,パープルランカー,
B9A1C61D-E8C5-4630-AC8A-1F062FF9E082.jpg,OK,3,0.310345,0.655172,0.034483,100.655,65.517,20.000,56.414,CCC,Slow Type,1738,96.60922734852696,96.60922734852696,ホワイトランカー,
BA47924B-B0E8-4B57-B4B6-05CB9C5AC140.jpeg,OK,3,0.109589,0.732877,0.157534,100.733,73.288,82.051,75.040,AAA+,All Round Player,806,44.802668148971655,44.802668148971655,パープルランカー,
BB620D3C-0853-46DD-B42E-3AE9E7931325.jpeg,OK,3,0.096552,0.820690,0.082759,100.821,82.069,92.308,84.117,SSS,Precision Master,112,6.22568093385214,6.22568093385214,プラチナランカー,
BB854C42-5BE6-41D8-B1AE-01FF5B396285.jpeg,OK,3,0.089109,0.722772,0.188119,100.723,72.277,64.286,70.679,AA+,Fast Type,1176,65.36964980544747,65.36964980544747,オレンジランカー,
BB9E55AF-ED53-4F81-8930-E6D566331568.jpeg,OK,3,0.039216,0.725490,0.235294,100.725,72.549,28.571,63.754,BBB,Fast Type,1572,87.38187882156754,87.38187882156754,ブルーランカー,
BCB00294-7C83-4FBA-ACCB-532637B718EF.jpeg,OK,3,0.149425,0.747126,0.103448,100.747,74.713,81.818,76.134,S,All Round Player,706,39.24402445803224,39.24402445803224,パープルランカー,
BCFDD7FC-F630-4D32-B808-B5933268693A.jpg,OK,3,0.111111,0.694444,0.194444,100.694,69.444,72.727,70.101,AA+,All Round Player,1223,67.982212340189,67.982212340189,オレンジランカー,
BF856AF5-7665-40F8-B50F-34E4A45439A2.jpeg,OK,3,0.331034,0.620690,0.048276,100.621,62.069,25.455,54.746,CC,Slow Type,1757,97.66536964980544,97.66536964980544,ホワイトランカー,
C085DD2B-8777-4166-8E2F-4460E01BE581.jpeg,OK,3,0.106796,0.708738,0.184466,100.709,70.874,73.333,71.366,AA+,All Round Player,1121,62.312395775430794,62.312395775430794,オレンジランカー,
C0DB46E1-1874-4DC3-A8FE-A8E2B73C9487.jpeg,OK,3,0.039216,0.813725,0.147059,100.814,81.373,42.105,73.519,AAA,Amazing Specialist,946,52.58476931628683,52.58476931628683,レッドランカー,
C1D1F212-C114-4E7B-90D3-08C40CCF736D.png,OK,3,0.256983,0.659218,0.083799,100.659,65.922,49.180,62.573,BBB,Slow Type,1604,89.16064480266816,89.16064480266816,ブルーランカー,
C2608E4F-58A3-4CA0-943B-99006AC74FEB.jpeg,OK,3,0.062069,0.689655,0.248276,100.690,68.966,40.000,63.172,BBB,Fast Type,1585,88.10450250138966,88.10450250138966,ブルーランカー,
C2636206-A03E-4710-8099-1F55AB601D65.png,OK,3,0.050279,0.642458,0.307263,100.642,64.246,28.125,57.022,CCC,Fast Type,1734,96.38688160088938,96.38688160088938,ホワイトランカー,
C519FE6A-1001-4C75-9B84-1E013BFDB999.jpeg,OK,3,0.039216,0.794118,0.166667,100.794,79.412,38.095,71.148,AA+,Fast Type,1137,63.201778765981096,63.201778765981096,オレンジランカー,
C73E6D80-37C5-4EE9-9E8A-2E591C60DB96.jpeg,OK,3,0.117647,0.715686,0.166667,100.716,71.569,82.759,73.807,AAA,All Round Player,917,50.97276264591439,50.97276264591439,レッドランカー,
C99B18FD-3B47-4376-B02C-A821F3FA3BD9.jpeg,OK,3,0.434483,0.537931,0.027586,100.538,53.793,11.940,45.423,F,Slow Type,1794,99.72206781545303,99.72206781545303,ホワイトランカー,
CAAAB87A-2B60-441F-8A13-380EBF048E6E.jpeg,OK,3,0.048544,0.669903,0.281553,100.670,66.990,29.412,59.475,B,Fast Type,1676,93.16286826014452,93.16286826014452,ホワイトランカー,
CC1E9661-2A94-466D-98B0-8810B760023D.jpg,OK,3,0.220690,0.717241,0.062069,100.717,71.724,43.902,66.160,A+,Slow Type,1461,81.21178432462479,81.21178432462479,ブルーランカー,
CCEB389E-82D0-4D32-9985-BFD64927D6F8.png,OK,3,0.145251,0.715084,0.139665,100.715,71.508,98.039,76.815,S,Balanced Player,646,35.908838243468594,35.908838243468594,パープルランカー,
CD83DCAC-92E8-4C5E-AA82-0C411C29299A.jpeg,OK,3,0.082759,0.627586,0.289655,100.628,62.759,44.444,59.096,B,Fast Type,1690,93.94107837687604,93.94107837687604,ホワイトランカー,
CE0C5270-5EE8-4EDD-86C9-49417A7C3969.jpeg,OK,3,0.068627,0.784314,0.147059,100.784,78.431,63.636,75.472,AAA+,Fast Type,770,42.80155642023346,42.80155642023346,パープルランカー,
CE325780-CE37-41A0-BA49-383EE41426B9.jpeg,OK,3,0.186207,0.717241,0.096552,100.717,71.724,68.293,71.038,AA+,Slow Type,1147,63.757643135075035,63.757643135075035,オレンジランカー,
CHERRY.png,OK,3,0.061453,0.553073,0.385475,100.553,55.307,27.500,49.746,E,Fast Type,1785,99.22178988326849,99.22178988326849,ホワイトランカー,
Coruscate.png,OK,3,0.273743,0.698324,0.027933,100.698,69.832,18.519,59.570,B,Slow Type,1673,92.99610894941634,92.99610894941634,ホワイトランカー,
Crush.png,OK,3,0.139665,0.765363,0.094972,100.765,76.536,80.952,77.420,S,All Round Player,588,32.68482490272373,32.68482490272373,パープルランカー,
D22045CB-38D6-41A9-B1E2-08EBF135AD8D.jpeg,OK,3,0.038835,0.796117,0.165049,100.796,79.612,38.095,71.308,AA+,Fast Type,1125,62.53474152306837,62.53474152306837,オレンジランカー,
D24A45BE-3DD9-4A21-9CD2-BB46DC686A92.png,OK,3,0.128492,0.715084,0.156425,100.715,71.508,90.196,75.246,AAA+,Balanced Player,790,43.913285158421345,43.913285158421345,パープルランカー,
D3173063-20C1-4070-9CAB-28563C33B442.png,OK,3,0.138889,0.733333,0.127778,100.733,73.333,95.833,77.833,S,Balanced Player,543,30.183435241801,30.183435241801,パープルランカー,
D415D2E4-A6BD-4AE0-B8FC-A1C7A3DD5036.jpeg,OK,3,0.087379,0.708738,0.203883,100.709,70.874,60.000,68.699,AA,Fast Type,1327,73.76320177876599,73.76320177876599,グリーンランカー,
D416.png,OK,3,0.161111,0.772222,0.066667,100.772,77.222,58.537,73.485,AAA,Slow Type,950,52.80711506392441,52.80711506392441,レッドランカー,
D564.png,OK,3,0.184358,0.681564,0.134078,100.682,68.156,84.211,71.367,AA+,All Round Player,1120,62.2568093385214,62.2568093385214,オレンジランカー,
D576.png,OK,3,0.256983,0.709497,0.033520,100.709,70.950,23.077,61.375,BB,Slow Type,1639,91.10617009449695,91.10617009449695,ホワイトランカー,
D5C55DD7-C0D1-477B-ABF3-86FCD2C60E6E.jpeg,OK,3,0.090278,0.819444,0.090278,100.819,81.944,100.000,85.556,SSS,Precision Master,63,3.501945525291829,3.501945525291829,プラチナランカー,
D993EFEC-591C-4D97-BCB1-D0F73ECE3578.jpg,OK,3,0.200000,0.717241,0.082759,100.717,71.724,58.537,69.087,AA,Slow Type,1301,72.31795441912173,72.31795441912173,グリーンランカー,
D9DED97D-D5A2-4786-9723-79696347612A.jpg,OK,3,0.234483,0.675862,0.089655,100.676,67.586,55.319,65.133,A,Slow Type,1516,84.26903835464147,84.26903835464147,ブルーランカー,
DA003EBD-435A-4CEF-A65B-D16D0C0BA24C.jpeg,OK,3,0.079096,0.723164,0.197740,100.723,72.316,57.143,69.282,AA,Fast Type,1282,71.26181211784325,71.26181211784325,グリーンランカー,
Darkness.jpg,OK,3,0.284722,0.486111,0.229167,100.486,48.611,89.189,56.727,CCC,Balanced Player,1737,96.55364091161756,96.55364091161756,ホワイトランカー,
Darkness2.png,OK,3,0.027778,0.522222,0.450000,100.522,52.222,11.628,44.103,F,Fast Type,1797,99.88882712618121,99.88882712618121,ホワイトランカー,
DE4F73D2-8EF1-4235-B9BB-B4E18361637D.png,OK,3,0.078212,0.648045,0.273743,100.648,64.804,44.444,60.732,BB,Fast Type,1651,91.77320733740967,91.77320733740967,ホワイトランカー,
Dear.png,OK,3,0.089385,0.849162,0.061453,100.849,84.916,81.481,84.229,SSS,Amazing Specialist,106,5.892162312395775,5.892162312395775,プラチナランカー,
E00FE42D-0A85-4044-89A2-778C5FBFFC46.png,OK,3,0.061111,0.666667,0.272222,100.667,66.667,36.667,60.667,BB,Fast Type,1654,91.93996664813785,91.93996664813785,ホワイトランカー,
E0594A55-7B35-48F3-ADFF-3CF476C8C4B3.jpeg,OK,3,0.131034,0.717241,0.151724,100.717,71.724,92.683,75.916,AAA+,Balanced Player,734,40.80044469149527,40.80044469149527,パープルランカー,
E30C0F11-7D90-4C25-B1F4-611C34DD7DFE.jpeg,OK,3,0.091954,0.643678,0.264368,100.644,64.368,51.613,61.817,BB,Fast Type,1626,90.38354641467483,90.38354641467483,ホワイトランカー,
E30CA726-C64B-416C-B63C-FD1E72EE48F9.png,OK,3,0.111111,0.627778,0.261111,100.628,62.778,59.701,62.163,BBB,Fast Type,1617,89.88326848249028,89.88326848249028,ブルーランカー,
E37D5317-4D56-4130-8A58-5419E9FF5CF1.jpg,OK,3,0.136986,0.719178,0.143836,100.719,71.918,97.561,77.046,S,Balanced Player,619,34.40800444691495,34.40800444691495,パープルランカー,
E4D4A781-0CD4-4BDB-BEC0-4140157C4358.jpg,OK,3,0.111111,0.743056,0.145833,100.743,74.306,86.486,76.742,S,All Round Player,653,36.29794330183435,36.29794330183435,パープルランカー,
E6E4DEC3-0438-4E35-A09A-82348CD7C855.jpeg,OK,3,0.143678,0.701149,0.155172,100.701,70.115,96.154,75.323,AAA+,Balanced Player,783,43.52418010005559,43.52418010005559,パープルランカー,
E7378AEE-C5B8-4974-A98A-D13A527D0181.jpg,OK,3,0.213793,0.724138,0.062069,100.724,72.414,45.000,66.931,A+,Slow Type,1416,78.71039466370206,78.71039466370206,グリーンランカー,
E75AF14C-97D1-4D87-BBB7-6FABF5EF9086.jpeg,OK,3,0.089655,0.744828,0.165517,100.745,74.483,70.270,73.640,AAA,Fast Type,935,51.9733185102835,51.9733185102835,レッドランカー,
E81CB679-89F8-4EBB-A8E0-64373E160B31.png,OK,3,0.294444,0.644444,0.061111,100.644,64.444,34.375,58.431,B,Slow Type,1704,94.71928849360755,94.71928849360755,ホワイトランカー,
E82E68DE-CB7F-4A5F-ACD5-AE61B11CE279.png,OK,3,0.351955,0.620112,0.027933,100.620,62.011,14.706,52.550,C,Slow Type,1775,98.66592551417455,98.66592551417455,ホワイトランカー,
E9A2797B-8E69-4F71-80A4-736F0026772F.jpeg,OK,3,0.226027,0.691781,0.082192,100.692,69.178,53.333,66.009,A+,Slow Type,1471,81.76764869371873,81.76764869371873,ブルーランカー,
EB4FBF74-A360-4636-9EF9-18A7CD81B8EE.jpeg,OK,3,0.303448,0.627586,0.068966,100.628,62.759,37.037,57.614,CCC,Slow Type,1720,95.60867148415787,95.60867148415787,ホワイトランカー,
EB98F0E1-68F8-4693-BEE7-52774A479B6E.jpeg,OK,3,0.166667,0.745098,0.088235,100.745,74.510,69.231,73.454,AAA,Slow Type,953,52.97387437465259,52.97387437465259,レッドランカー,
EC2F1EDF-39DC-4BA3-91F7-32DBDE997B2C.jpeg,OK,3,0.098039,0.696078,0.205882,100.696,69.608,64.516,68.590,AA,Fast Type,1332,74.04113396331296,74.04113396331296,グリーンランカー,
EC8FE8D3-A373-48B5-BFCD-ECFEF0A23DCA.jpg,OK,3,0.062500,0.631944,0.305556,100.632,63.194,33.962,57.348,CCC,Fast Type,1728,96.05336297943302,96.05336297943302,ホワイトランカー,
EDC10AED-AF14-4E02-955C-C1D1F5D888D0.jpeg,OK,3,0.067633,0.657005,0.275362,100.657,65.700,39.437,60.448,BB,Fast Type,1658,92.16231239577543,92.16231239577543,ホワイトランカー,
EE569BFF-A716-4A79-B937-2FA41525E671.jpg,OK,3,0.268966,0.682759,0.048276,100.683,68.276,30.435,60.708,BB,Slow Type,1652,91.82879377431907,91.82879377431907,ホワイトランカー,
EE8237A0-5864-4BEA-A17A-62377CBEE227.jpeg,OK,3,0.082759,0.606897,0.310345,100.607,60.690,42.105,56.973,CCC,Fast Type,1735,96.44246803779878,96.44246803779878,ホワイトランカー,
EED4B3AF-9C6C-4718-9764-F9CDD8255084.png,OK,3,0.083333,0.655556,0.261111,100.656,65.556,48.387,62.122,BBB,Fast Type,1619,89.99444135630907,89.99444135630907,ブルーランカー,
EEE67DAD-6640-44FE-8BB9-A6DA7BCED5C2.jpg,OK,3,0.068571,0.737143,0.194286,100.737,73.714,52.174,69.406,AA,Fast Type,1269,70.53918843802113,70.53918843802113,グリーンランカー,
EF8CBAFA-D597-4DEF-A985-BF4D85250278.jpeg,OK,3,0.165714,0.674286,0.160000,100.674,67.429,98.246,73.592,AAA,Balanced Player,943,52.41801000555865,52.41801000555865,レッドランカー,
EYE1151.png,OK,3,0.102703,0.702703,0.194595,100.703,70.270,69.091,70.034,AA+,Fast Type,1226,68.14897165091718,68.14897165091718,オレンジランカー,
F336FF2B-EBA1-4846-9B6C-6E8F588943F9.jpg,OK,3,0.096591,0.744318,0.159091,100.744,74.432,75.556,74.657,AAA+,All Round Player,849,47.19288493607559,47.19288493607559,パープルランカー,
F3A78B0D-23F5-47A2-95F1-A471294C2C19.png,OK,3,0.173184,0.653631,0.173184,100.654,65.363,100.000,72.291,AAA,Balanced Player,1043,57.97665369649806,57.97665369649806,レッドランカー,
F478B1DD-A702-429B-A693-D1E98E712669.png,OK,3,0.167598,0.653631,0.178771,100.654,65.363,96.774,71.645,AA+,Balanced Player,1096,60.92273485269594,60.92273485269594,オレンジランカー,
F66E2C52-1368-4519-94B6-579B0069ED58.jpg,OK,3,0.124138,0.751724,0.124138,100.752,75.172,100.000,80.138,SS,Balanced Player,358,19.89994441356309,19.89994441356309,シルバーランカー,
F6B0F12F-7350-4B53-9EF7-B758F5F40DCF.png,OK,3,0.072626,0.703911,0.223464,100.704,70.391,49.057,66.124,A+,Fast Type,1463,81.32295719844358,81.32295719844358,ブルーランカー,
F7B59E7B-7CB7-4A2D-9E16-96106B436FB9.jpeg,OK,3,0.124138,0.800000,0.075862,100.800,80.000,75.862,79.172,S+,Amazing Specialist,432,24.013340744858255,24.013340744858255,ブロンズランカー,
F8261456-D43F-47EC-84FD-17005449DF11.jpg,OK,3,0.055172,0.689655,0.255172,100.690,68.966,35.556,62.284,BBB,Fast Type,1614,89.7165091717621,89.7165091717621,ブルーランカー,
F874295F-2E4A-433F-8C55-4E6D93C8962D.png,OK,3,0.078212,0.631285,0.290503,100.631,63.128,42.424,58.988,B,Fast Type,1693,94.10783768760422,94.10783768760422,ホワイトランカー,
F95B3A89-AE65-47F1-9419-97B1D6C75628.png,OK,3,0.150838,0.726257,0.122905,100.726,72.626,89.796,76.060,S,Balanced Player,715,39.74430239021679,39.74430239021679,パープルランカー,
F96C1918-C1D9-4612-A920-85880DFFF28F.png,OK,3,0.067039,0.698324,0.234637,100.698,69.832,44.444,64.755,A,Fast Type,1531,85.10283490828238,85.10283490828238,ブルーランカー,
FA02ACC3-0173-409C-AA3D-684077A1FDF7.jpeg,OK,3,0.077670,0.747573,0.174757,100.748,74.757,61.538,72.114,AAA,Fast Type,1059,58.866036687048364,58.866036687048364,レッドランカー,
FA31F8AD-1EBE-4B68-BD4B-798BFA5090F2.jpeg,OK,3,0.138889,0.770833,0.090278,100.771,77.083,78.788,77.424,S,All Round Player,587,32.62923846581434,32.62923846581434,パープルランカー,
FA55F821-21E3-4690-88A4-20466610757E.jpg,OK,3,0.232877,0.678082,0.089041,100.678,67.808,55.319,65.310,A,Slow Type,1506,83.71317398554753,83.71317398554753,ブルーランカー,
FAAC1F63-2965-4467-B171-67CABD323CAE.jpeg,OK,3,0.078431,0.735294,0.186275,100.735,73.529,59.259,70.675,AA+,Fast Type,1177,65.42523624235686,65.42523624235686,オレンジランカー,
FAAE3A1D-0EB9-49F7-9906-6B6E9B45B194.jpeg,OK,3,0.089041,0.773973,0.136986,100.774,77.397,78.788,77.675,S,All Round Player,559,31.072818232351306,31.072818232351306,パープルランカー,
FB2DA3E2-2DBA-4F73-B4F6-5E341188DD40.jpeg,OK,3,0.049020,0.774510,0.176471,100.775,77.451,43.478,70.656,AA+,Fast Type,1179,65.53640911617565,65.53640911617565,オレンジランカー,
FC389FD5-FCFC-4B0D-BE81-F5342959A63B.jpeg,OK,3,0.179310,0.744828,0.075862,100.745,74.483,59.459,71.478,AA+,Slow Type,1111,61.756531406336855,61.756531406336855,オレンジランカー,
FCA6A737-EC73-45D8-97D3-4B158F9217A4.jpg,OK,3,0.075862,0.696552,0.227586,100.697,69.655,50.000,65.724,A,Fast Type,1489,82.76820455808782,82.76820455808782,ブルーランカー,
FD239E00-46D7-4FF5-8658-25017900A4F8.jpg,OK,3,0.173611,0.715278,0.111111,100.715,71.528,78.049,72.832,AAA,All Round Player,1002,55.6976097832129,55.6976097832129,レッドランカー,
FD3DFE7B-9AC4-483F-AAE7-4E03069C9EC8.jpeg,OK,3,0.103448,0.741379,0.155172,100.741,74.138,80.000,75.310,AAA+,All Round Player,784,43.57976653696498,43.57976653696498,パープルランカー,
FD8E2705-6262-4780-AF15-6117CEF0EC6F.jpg,OK,3,0.034722,0.680556,0.284722,100.681,68.056,21.739,58.792,B,Fast Type,1700,94.49694274596997,94.49694274596997,ホワイトランカー,
FF0C18D6-3487-43D9-8423-DE2020A827DD.png,OK,3,0.104046,0.624277,0.271676,100.624,62.428,55.385,61.019,BB,Fast Type,1647,91.5508615897721,91.5508615897721,ホワイトランカー,
FF23082B-8116-4F11-8783-BE7479F8F574.jpeg,OK,3,0.090909,0.744318,0.164773,100.744,74.432,71.111,73.768,AAA,All Round Player,921,51.19510839355197,51.19510839355197,レッドランカー,
FF726FF6-0D96-4BA8-9D77-7C7C5241A39C.png,OK,3,0.138889,0.688889,0.172222,100.689,68.889,89.286,72.968,AAA,Balanced Player,993,55.19733185102835,55.19733185102835,レッドランカー,
G463.png,OK,3,0.100559,0.798883,0.100559,100.799,79.888,100.000,83.911,SS+,Balanced Player,126,7.003891050583658,7.003891050583658,ゴールドランカー,
G677.png,OK,3,0.375691,0.602210,0.022099,100.602,60.221,11.111,50.399,D,Slow Type,1782,99.0550305725403,99.0550305725403,ホワイトランカー,
HEART.png,OK,3,0.022222,0.761111,0.216667,100.761,76.111,18.605,64.610,A,Fast Type,1535,85.32518065591995,85.32518065591995,ブルーランカー,
HQ54DY6bwAAoKSg.jpg,OK,3,0.173611,0.694444,0.131944,100.694,69.444,86.364,72.828,AAA,All Round Player,1003,55.75319622012229,55.75319622012229,レッドランカー,
HQ5NH8LbgAA6XDm.jpg,OK,3,0.062857,0.640000,0.297143,100.640,64.000,34.921,58.184,B,Fast Type,1710,95.05280711506391,95.05280711506391,ホワイトランカー,
IMG_1232.png,OK,3,0.083333,0.605556,0.311111,100.606,60.556,42.254,56.895,CCC,Fast Type,1736,96.49805447470817,96.49805447470817,ホワイトランカー,
IMG_2198.png,OK,3,0.152174,0.630435,0.217391,100.630,63.043,82.353,66.905,A+,All Round Player,1417,78.76598110061146,78.76598110061146,グリーンランカー,
IMG_2597.png,OK,3,0.335135,0.637838,0.027027,100.638,63.784,14.925,54.012,CC,Slow Type,1765,98.11006114508059,98.11006114508059,ホワイトランカー,
IMG_2598.png,OK,3,0.107527,0.688172,0.204301,100.688,68.817,68.966,68.847,AA,Fast Type,1316,73.15175097276264,73.15175097276264,グリーンランカー,
IMG_2599.png,OK,3,0.340426,0.638298,0.021277,100.638,63.830,11.765,53.417,C,Slow Type,1770,98.38799332962756,98.38799332962756,ホワイトランカー,
IMG_3355.png,OK,3,0.206522,0.706522,0.086957,100.707,70.652,59.259,68.374,AA,Slow Type,1343,74.65258476931629,74.65258476931629,グリーンランカー,
IMG_3827.png,OK,3,0.141304,0.771739,0.086957,100.772,77.174,76.190,76.977,S,All Round Player,631,35.07504168982768,35.07504168982768,パープルランカー,
IMG_5024.png,OK,3,0.108696,0.782609,0.108696,100.783,78.261,100.000,82.609,SS+,Balanced Player,185,10.283490828237909,10.283490828237909,シルバーランカー,
IMG_5313.png,OK,3,0.126437,0.793103,0.080460,100.793,79.310,77.778,79.004,S+,All Round Player,445,24.73596442468038,24.73596442468038,ブロンズランカー,
IMG_5316.png,OK,3,0.090909,0.727273,0.181818,100.727,72.727,66.667,71.515,AA+,Fast Type,1106,61.478599221789885,61.478599221789885,オレンジランカー,
IMG_5317.png,OK,3,0.125000,0.784091,0.090909,100.784,78.409,84.211,79.569,S+,All Round Player,403,22.401334074485828,22.401334074485828,ブロンズランカー,
IMG_5375.png,OK,3,0.062147,0.779661,0.158192,100.780,77.966,56.410,73.655,AAA,Fast Type,931,51.75097276264592,51.75097276264592,レッドランカー,
IMG_5390.jpg,OK,3,0.161111,0.727778,0.111111,100.728,72.778,81.633,74.549,AAA+,All Round Player,864,48.02668148971651,48.02668148971651,パープルランカー,
IMG_5395.jpg,OK,3,0.150000,0.716667,0.133333,100.717,71.667,94.118,76.157,S,Balanced Player,705,39.18843802112285,39.18843802112285,パープルランカー,
IMG_5435.jpg,OK,3,0.122222,0.761111,0.116667,100.761,76.111,97.674,80.424,SS,Balanced Player,336,18.67704280155642,18.67704280155642,シルバーランカー,
IMG_5563.png,OK,3,0.086957,0.739130,0.173913,100.739,73.913,66.667,72.464,AAA,Fast Type,1031,57.30961645358532,57.30961645358532,レッドランカー,
IMG_8157.png,OK,3,0.134078,0.759777,0.106145,100.760,75.978,88.372,78.457,S+,Balanced Player,488,27.126181211784324,27.126181211784324,ブロンズランカー,
IMG_8190.png,OK,3,0.078212,0.804469,0.117318,100.804,80.447,80.000,80.358,SS,Amazing Specialist,342,19.010561423012785,19.010561423012785,シルバーランカー,
IMG_8205.png,OK,3,0.229050,0.692737,0.078212,100.693,69.274,50.909,65.601,A,Slow Type,1495,83.1017231795442,83.1017231795442,ブルーランカー,
IMG_8240.png,OK,3,0.211111,0.677778,0.111111,100.678,67.778,68.966,68.015,AA,Slow Type,1358,75.4863813229572,75.4863813229572,グリーンランカー,
IMG_8250.png,OK,3,0.195531,0.692737,0.111732,100.693,69.274,72.727,69.964,AA,All Round Player,1235,68.64924958310172,68.64924958310172,オレンジランカー,
IMG_8261.png,OK,3,0.318436,0.642458,0.039106,100.642,64.246,21.875,55.772,CC,Slow Type,1745,96.99833240689271,96.99833240689271,ホワイトランカー,
IMG_8264.png,OK,3,0.072626,0.687151,0.240223,100.687,68.715,46.429,64.258,A,Fast Type,1546,85.93663146192328,85.93663146192328,ブルーランカー,
IMG_8269.png,OK,3,0.172222,0.711111,0.116667,100.711,71.111,80.769,73.043,AAA,All Round Player,980,54.474708171206224,54.474708171206224,レッドランカー,
IMG_8280.png,OK,3,0.146067,0.691011,0.162921,100.691,69.101,94.545,74.190,AAA+,Balanced Player,888,49.36075597554197,49.36075597554197,パープルランカー,
IMG_8365.png,OK,3,0.156425,0.798883,0.044693,100.799,79.888,44.444,72.800,AAA,Slow Type,1006,55.91995553085047,55.91995553085047,レッドランカー,
IMG_8373.png,OK,3,0.272222,0.705556,0.022222,100.706,70.556,15.094,59.463,B,Slow Type,1679,93.3296275708727,93.3296275708727,ホワイトランカー,
IMG_8378.png,OK,3,0.168539,0.769663,0.061798,100.770,76.966,53.659,72.305,AAA,Slow Type,1041,57.865480822679274,57.865480822679274,レッドランカー,
IMG_8385.png,OK,3,0.217877,0.703911,0.078212,100.704,70.391,52.830,66.879,A+,Slow Type,1421,78.98832684824903,78.98832684824903,グリーンランカー,
IMG_8568.png,OK,3,0.083333,0.738889,0.177778,100.739,73.889,63.830,71.877,AA+,Fast Type,1084,60.25569760978321,60.25569760978321,オレンジランカー,
IMG_8577.png,OK,3,0.044693,0.765363,0.189944,100.765,76.536,38.095,68.848,AA,Fast Type,1315,73.09616453585325,73.09616453585325,グリーンランカー,
IMG_8593.png,OK,3,0.100559,0.754190,0.145251,100.754,75.419,81.818,76.699,S,All Round Player,658,36.57587548638132,36.57587548638132,パープルランカー,
Joyful.png,OK,3,0.166667,0.750000,0.083333,100.750,75.000,66.667,73.333,AAA,Slow Type,963,53.52973874374653,53.52973874374653,レッドランカー,
Judgement.png,OK,3,0.300000,0.644444,0.055556,100.644,64.444,31.250,57.806,CCC,Slow Type,1718,95.49749861033908,95.49749861033908,ホワイトランカー,
L525.png,OK,3,0.050279,0.754190,0.195531,100.754,75.419,40.909,68.517,AA,Fast Type,1336,74.26347971095053,74.26347971095053,グリーンランカー,
Last.png,OK,3,0.178771,0.759777,0.061453,100.760,75.978,51.163,71.015,AA+,Slow Type,1148,63.81322957198443,63.81322957198443,オレンジランカー,
M552.png,OK,3,0.215054,0.752688,0.032258,100.753,75.269,26.087,65.432,A,Slow Type,1501,83.43524180100056,83.43524180100056,ブルーランカー,
M693.png,OK,3,0.279330,0.687151,0.033520,100.687,68.715,21.429,59.258,B,Slow Type,1687,93.77431906614785,93.77431906614785,ホワイトランカー,
Neo.png,OK,3,0.106145,0.703911,0.189944,100.704,70.391,71.698,70.652,AA+,All Round Player,1181,65.64758198999444,65.64758198999444,オレンジランカー,
Noisy.png,OK,3,0.108108,0.794595,0.097297,100.795,79.459,94.737,82.515,SS+,Balanced Player,191,10.617009449694274,10.617009449694274,シルバーランカー,
O733.png,OK,3,0.061453,0.770950,0.167598,100.771,77.095,53.659,72.408,AAA,Fast Type,1035,57.531962201222896,57.531962201222896,レッドランカー,
PERFECTLY.png,OK,3,0.050279,0.731844,0.217877,100.732,73.184,37.500,66.047,A+,Fast Type,1467,81.54530294608115,81.54530294608115,ブルーランカー,
POLYPHONIC.png,OK,3,0.111732,0.776536,0.111732,100.777,77.654,100.000,82.123,SS+,Balanced Player,217,12.062256809338521,12.062256809338521,シルバーランカー,
RaRaRa.png,OK,3,0.333333,0.644444,0.022222,100.644,64.444,12.500,54.056,CC,Slow Type,1763,97.9988882712618,97.9988882712618,ホワイトランカー,
ROCK.png,OK,3,0.184358,0.698324,0.117318,100.698,69.832,77.778,71.421,AA+,All Round Player,1115,61.97887715397443,61.97887715397443,オレンジランカー,
S780.png,OK,3,0.189944,0.754190,0.055866,100.754,75.419,45.455,69.426,AA,Slow Type,1267,70.42801556420234,70.42801556420234,グリーンランカー,
SSS_84_045.jpeg,OK,3,0.098039,0.813725,0.088235,100.814,81.373,94.737,84.045,SSS,Precision Master,117,6.5036131183991115,6.5036131183991115,プラチナランカー,
SSS_84_314.jpeg,OK,3,0.098039,0.803922,0.098039,100.804,80.392,100.000,84.314,SSS,Precision Master,102,5.669816564758199,5.669816564758199,プラチナランカー,
SSS_85_573.jpeg,OK,3,0.090395,0.819209,0.090395,100.819,81.921,100.000,85.537,SSS,Precision Master,65,3.6131183991106166,3.6131183991106166,プラチナランカー,
SSS_85_743.jpeg,OK,3,0.089109,0.821782,0.089109,100.822,82.178,100.000,85.743,SSS,Precision Master,57,3.168426903835464,3.168426903835464,プラチナランカー,
SSS_85_882.jpeg,OK,3,0.088235,0.823529,0.088235,100.824,82.353,100.000,85.882,SSS,Precision Master,53,2.9460811561978875,2.9460811561978875,レインボーランカー,
Stippling.png,OK,3,0.303371,0.646067,0.050562,100.646,64.607,28.571,57.400,CCC,Slow Type,1723,95.77543079488605,95.77543079488605,ホワイトランカー,
Stranger.png,OK,3,0.436464,0.541436,0.022099,100.541,54.144,9.639,45.243,F,Slow Type,1795,99.77765425236242,99.77765425236242,ホワイトランカー,
Temptation.png,OK,3,0.255556,0.611111,0.133333,100.611,61.111,68.571,62.603,BBB,Slow Type,1601,88.99388549193996,88.99388549193996,ブルーランカー,
VERMILION.png,OK,3,0.044944,0.707865,0.247191,100.708,70.787,30.769,62.783,BBB,Fast Type,1597,88.77153974430239,88.77153974430239,ブルーランカー,
Walk.jpg,OK,3,0.090361,0.656627,0.253012,100.657,65.663,52.632,63.056,BBB,Fast Type,1588,88.27126181211784,88.27126181211784,ブルーランカー,
あんさんぶる67.jpeg,OK,3,0.161850,0.699422,0.138728,100.699,69.942,92.308,74.415,AAA+,Balanced Player,874,48.58254585881045,48.58254585881045,パープルランカー,
あんさんぶるライブAA1.PNG,OK,3,0.123656,0.736559,0.139785,100.737,73.656,93.878,77.700,S,Balanced Player,556,30.906058921623124,30.906058921623124,パープルランカー,
あんさんぶるライブAA10.JPG,OK,3,0.149425,0.724138,0.126437,100.724,72.414,91.667,76.264,S,Balanced Player,697,38.7437465258477,38.7437465258477,パープルランカー,
あんさんぶるライブAA12.JPG,OK,3,0.075862,0.675862,0.248276,100.676,67.586,46.809,63.431,BBB,Fast Type,1582,87.93774319066148,87.93774319066148,ブルーランカー,
あんさんぶるライブAA13.JPG,OK,3,0.171429,0.702857,0.125714,100.703,70.286,84.615,73.152,AAA,All Round Player,975,54.196775986659254,54.196775986659254,レッドランカー,
あんさんぶるライブAA14.JPG,OK,3,0.102857,0.742857,0.154286,100.743,74.286,80.000,75.429,AAA+,All Round Player,773,42.96831573096164,42.96831573096164,パープルランカー,
あんさんぶるライブAA15.JPG,OK,3,0.119318,0.710227,0.170455,100.710,71.023,82.353,73.289,AAA,All Round Player,966,53.69649805447471,53.69649805447471,レッドランカー,
あんさんぶるライブAA16.JPG,OK,3,0.102857,0.674286,0.222857,100.674,67.429,63.158,66.574,A+,Fast Type,1439,79.98888271261812,79.98888271261812,グリーンランカー,
あんさんぶるライブAA17.JPG,OK,3,0.130682,0.687500,0.181818,100.688,68.750,83.636,71.727,AA+,All Round Player,1091,60.64480266814897,60.64480266814897,オレンジランカー,
あんさんぶるライブAA18.JPG,OK,3,0.068571,0.674286,0.257143,100.674,67.429,42.105,62.364,BBB,Fast Type,1611,89.54974986103392,89.54974986103392,ブルーランカー,
あんさんぶるライブAA19.JPG,OK,3,0.050847,0.627119,0.322034,100.627,62.712,27.273,55.624,CC,Fast Type,1748,97.1650917176209,97.1650917176209,ホワイトランカー,
あんさんぶるライブAA2.PNG,OK,3,0.140541,0.708108,0.151351,100.708,70.811,96.296,75.908,AAA+,Balanced Player,737,40.967204002223454,40.967204002223454,パープルランカー,
あんさんぶるライブAA20.JPG,OK,3,0.044944,0.775281,0.179775,100.775,77.528,40.000,70.022,AA+,Fast Type,1227,68.20455808782657,68.20455808782657,オレンジランカー,
あんさんぶるライブAA21.JPG,OK,3,0.107345,0.762712,0.129944,100.763,76.271,90.476,79.112,S+,Balanced Player,436,24.23568649249583,24.23568649249583,ブロンズランカー,
あんさんぶるライブAA22.JPG,OK,3,0.084270,0.831461,0.084270,100.831,83.146,100.000,86.517,SSS+,Precision Master,37,2.056698165647582,2.056698165647582,レインボーランカー,
あんさんぶるライブAA23.JPG,OK,3,0.114286,0.731429,0.154286,100.731,73.143,85.106,75.536,AAA+,All Round Player,765,42.52362423568649,42.52362423568649,パープルランカー,
あんさんぶるライブAA24.JPG,OK,3,0.022857,0.731429,0.245714,100.731,73.143,17.021,61.919,BB,Fast Type,1624,90.27237354085604,90.27237354085604,ホワイトランカー,
あんさんぶるライブAA25.JPG,OK,3,0.068182,0.693182,0.238636,100.693,69.318,44.444,64.343,A,Fast Type,1541,85.65869927737631,85.65869927737631,ブルーランカー,
あんさんぶるライブAA26.JPG,OK,3,0.051429,0.754286,0.194286,100.754,75.429,41.860,68.715,AA,Fast Type,1324,73.59644246803781,73.59644246803781,グリーンランカー,
あんさんぶるライブAA29.JPG,OK,3,0.045977,0.735632,0.218391,100.736,73.563,34.783,65.807,A,Fast Type,1482,82.37909949972206,82.37909949972206,ブルーランカー,
あんさんぶるライブAA3.PNG,OK,3,0.145161,0.725806,0.129032,100.726,72.581,94.118,76.888,S,Balanced Player,638,35.46414674819344,35.46414674819344,パープルランカー,
あんさんぶるライブAA30.JPG,OK,3,0.068966,0.712644,0.218391,100.713,71.264,48.000,66.611,A+,Fast Type,1435,79.76653696498055,79.76653696498055,グリーンランカー,
あんさんぶるライブAA31.JPG,OK,3,0.080925,0.699422,0.219653,100.699,69.942,53.846,66.723,A+,Fast Type,1431,79.54419121734297,79.54419121734297,グリーンランカー,
あんさんぶるライブAA32.JPG,OK,3,0.096552,0.662069,0.241379,100.662,66.207,57.143,64.394,A,Fast Type,1539,85.54752640355753,85.54752640355753,ブルーランカー,
あんさんぶるライブAA33.JPG,OK,3,0.103448,0.765517,0.131034,100.766,76.552,88.235,78.888,S+,Balanced Player,461,25.62534741523068,25.62534741523068,ブロンズランカー,
あんさんぶるライブAA34.JPG,OK,3,0.079545,0.715909,0.204545,100.716,71.591,56.000,68.473,AA,Fast Type,1339,74.43023902167872,74.43023902167872,グリーンランカー,
あんさんぶるライブAA36.JPG,OK,3,0.137143,0.765714,0.097143,100.766,76.571,82.927,77.843,S,All Round Player,541,30.072262367982212,30.072262367982212,パープルランカー,
あんさんぶるライブAA37.JPG,OK,3,0.287356,0.683908,0.028736,100.684,68.391,18.182,58.349,B,Slow Type,1706,94.83046136742634,94.83046136742634,ホワイトランカー,
あんさんぶるライブAA38.JPG,OK,3,0.195402,0.741379,0.063218,100.741,74.138,48.889,69.088,AA,Slow Type,1300,72.26236798221234,72.26236798221234,グリーンランカー,
あんさんぶるライブAA39.JPG,OK,3,0.142857,0.777143,0.080000,100.777,77.714,71.795,76.530,S,All Round Player,672,37.35408560311284,37.35408560311284,パープルランカー,
あんさんぶるライブAA4.JPG,OK,3,0.200000,0.655172,0.144828,100.655,65.517,84.000,69.214,AA,All Round Player,1289,71.650917176209,71.650917176209,グリーンランカー,
あんさんぶるライブAA40.JPG,OK,3,0.080460,0.718391,0.201149,100.718,71.839,57.143,68.900,AA,Fast Type,1312,72.92940522512507,72.92940522512507,グリーンランカー,
あんさんぶるライブAA41.JPG,OK,3,0.114943,0.735632,0.149425,100.736,73.563,86.957,76.242,S,All Round Player,699,38.854919399666485,38.854919399666485,パープルランカー,
あんさんぶるライブAA42.JPG,OK,3,0.027586,0.579310,0.393103,100.579,57.931,13.115,48.968,E,Fast Type,1787,99.33296275708727,99.33296275708727,ホワイトランカー,
あんさんぶるライブAA44.jpeg,OK,3,0.034483,0.724138,0.241379,100.724,72.414,25.000,62.931,BBB,Fast Type,1594,88.6047804335742,88.6047804335742,ブルーランカー,
あんさんぶるライブAA45.JPG,OK,3,0.075342,0.712329,0.212329,100.712,71.233,52.381,67.462,A+,Fast Type,1393,77.431906614786,77.431906614786,グリーンランカー,
あんさんぶるライブAA46.JPG,OK,3,0.124294,0.666667,0.209040,100.667,66.667,74.576,68.249,AA,All Round Player,1351,75.09727626459144,75.09727626459144,グリーンランカー,
あんさんぶるライブAA47.JPG,OK,3,0.137931,0.765517,0.096552,100.766,76.552,82.353,77.712,S,All Round Player,554,30.794886047804336,30.794886047804336,パープルランカー,
あんさんぶるライブAA49.JPG,OK,3,0.113636,0.784091,0.102273,100.784,78.409,94.737,81.675,SS,Balanced Player,241,13.39633129516398,13.39633129516398,シルバーランカー,
あんさんぶるライブAA5.JPG,OK,3,0.110345,0.744828,0.144828,100.745,74.483,86.486,76.884,S,All Round Player,639,35.51973318510284,35.51973318510284,パープルランカー,
あんさんぶるライブAA50.jpg,OK,3,0.083333,0.715278,0.201389,100.715,71.528,58.537,68.930,AA,Fast Type,1308,72.70705947748749,72.70705947748749,グリーンランカー,
あんさんぶるライブAA52.jpg,OK,3,0.155172,0.752874,0.091954,100.753,75.287,74.419,75.114,AAA+,All Round Player,800,44.469149527515285,44.469149527515285,パープルランカー,
あんさんぶるライブAA53.png,OK,3,0.046512,0.691860,0.261628,100.692,69.186,30.189,61.387,BB,Fast Type,1637,90.99499722067816,90.99499722067816,ホワイトランカー,
あんさんぶるライブAA54.png,OK,3,0.072626,0.653631,0.273743,100.654,65.363,41.935,60.678,BB,Fast Type,1653,91.88438021122846,91.88438021122846,ホワイトランカー,
あんさんぶるライブAA55.png,OK,3,0.067039,0.726257,0.206704,100.726,72.626,48.980,67.896,A+,Fast Type,1365,75.87548638132296,75.87548638132296,グリーンランカー,
あんさんぶるライブAA6.JPG,OK,3,0.082759,0.620690,0.296552,100.621,62.069,43.636,58.382,B,Fast Type,1705,94.77487493051694,94.77487493051694,ホワイトランカー,
あんさんぶるライブAA7.JPG,OK,3,0.041096,0.794521,0.164384,100.795,79.452,40.000,71.562,AA+,Fast Type,1103,61.3118399110617,61.3118399110617,オレンジランカー,
あんさんぶるライブAA9.JPG,OK,3,0.213873,0.658960,0.127168,100.659,65.896,74.576,67.632,A+,All Round Player,1381,76.76486937187327,76.76486937187327,グリーンランカー,
うさぎ.png,OK,3,0.098901,0.813187,0.087912,100.813,81.319,94.118,83.878,SS+,Precision Master,129,7.170650361311839,7.170650361311839,ゴールドランカー,
える_Expert27_621.jpg,OK,3,0.034722,0.541667,0.423611,100.542,54.167,15.152,46.364,F,Fast Type,1792,99.61089494163424,99.61089494163424,ホワイトランカー,
える_Expert28_664.jpg,OK,3,0.062500,0.756944,0.180556,100.757,75.694,51.429,70.841,AA+,Fast Type,1165,64.75819899944413,64.75819899944413,オレンジランカー,
える_Special2_823.jpg,OK,3,0.055944,0.720280,0.223776,100.720,72.028,40.000,65.622,A,Fast Type,1493,82.9905503057254,82.9905503057254,ブルーランカー,
オ435.png,OK,3,0.282609,0.663043,0.054348,100.663,66.304,32.258,59.495,B,Slow Type,1675,93.10728182323513,93.10728182323513,ホワイトランカー,
コ790.png,OK,3,0.217877,0.737430,0.044693,100.737,73.743,34.043,65.803,A,Slow Type,1484,82.49027237354085,82.49027237354085,ブルーランカー,
セツナ.png,OK,3,0.101124,0.780899,0.117978,100.781,78.090,92.308,80.933,SS,Balanced Player,296,16.453585325180654,16.453585325180654,シルバーランカー,
セツナ2.jpg,OK,3,0.090278,0.680556,0.229167,100.681,68.056,56.522,65.749,A,Fast Type,1487,82.65703168426903,82.65703168426903,ブルーランカー,
ソロ1_1.png,OK,3,0.122222,0.733333,0.144444,100.733,73.333,91.667,77.000,S,Balanced Player,626,34.79710950528071,34.79710950528071,パープルランカー,
ソロライブAA1.PNG,OK,3,0.204301,0.741935,0.053763,100.742,74.194,41.667,67.688,A+,Slow Type,1377,76.54252362423568,76.54252362423568,グリーンランカー,
ソロライブAA3.JPG,OK,3,0.172414,0.751724,0.075862,100.752,75.172,61.111,72.360,AAA,Slow Type,1039,57.75430794886047,57.75430794886047,レッドランカー,
チャレンジ72.jpeg,OK,3,0.131034,0.682759,0.186207,100.683,68.276,82.609,71.142,AA+,All Round Player,1138,63.25736520289049,63.25736520289049,オレンジランカー,
チャレンジ73_1.jpeg,OK,3,0.081818,0.636364,0.281818,100.636,63.636,45.000,59.909,B,Fast Type,1667,92.66259032795998,92.66259032795998,ホワイトランカー,
チャレンジ74.jpeg,OK,3,0.073446,0.672316,0.254237,100.672,67.232,44.828,62.751,BBB,Fast Type,1598,88.82712618121178,88.82712618121178,ブルーランカー,
チャレンジ75.jpeg,OK,3,0.131980,0.705584,0.162437,100.706,70.558,89.655,74.378,AAA+,Balanced Player,876,48.693718732629236,48.693718732629236,パープルランカー,
チャレンジ76.jpeg,OK,3,0.178161,0.718391,0.103448,100.718,71.839,73.469,72.165,AAA,All Round Player,1054,58.588104502501395,58.588104502501395,レッドランカー,
チャレンジ77_1.jpeg,OK,3,0.180791,0.728814,0.090395,100.729,72.881,66.667,71.638,AA+,Slow Type,1097,60.97832128960534,60.97832128960534,オレンジランカー,
チャレンジ78.jpeg,OK,3,0.082759,0.703448,0.213793,100.703,70.345,55.814,67.439,A+,Fast Type,1396,77.59866592551418,77.59866592551418,グリーンランカー,
チャレンジ79.jpeg,OK,3,0.057471,0.758621,0.183908,100.759,75.862,47.619,70.213,AA+,Fast Type,1211,67.31517509727627,67.31517509727627,オレンジランカー,
トゥウィンク.png,OK,3,0.050279,0.837989,0.111732,100.838,83.799,62.069,79.453,S+,Amazing Specialist,413,22.957198443579767,22.957198443579767,ブロンズランカー,
ベリイ.png,OK,3,0.111732,0.804469,0.083799,100.804,80.447,85.714,81.500,SS,Amazing Specialist,255,14.174541411895497,14.174541411895497,シルバーランカー,
メイドイン.png,OK,3,0.072626,0.726257,0.201117,100.726,72.626,53.061,68.713,AA,Fast Type,1325,73.6520289049472,73.6520289049472,グリーンランカー,
ライブチャレンジ001.jpeg,OK,3,0.170543,0.775194,0.054264,100.775,77.519,48.276,71.671,AA+,Slow Type,1094,60.81156197887715,60.81156197887715,オレンジランカー,
ライブチャレンジ002.jpeg,OK,3,0.023256,0.697674,0.279070,100.698,69.767,15.385,58.891,B,Fast Type,1697,94.33018343524179,94.33018343524179,ホワイトランカー,
ライブチャレンジ003.jpeg,OK,3,0.184615,0.723077,0.092308,100.723,72.308,66.667,71.179,AA+,Slow Type,1132,62.92384658143413,62.92384658143413,オレンジランカー,
ライブチャレンジ004.jpeg,OK,3,0.139535,0.767442,0.093023,100.767,76.744,80.000,77.395,S,All Round Player,592,32.90717065036131,32.90717065036131,パープルランカー,
ライブチャレンジ005.jpeg,OK,3,0.053435,0.740458,0.206107,100.740,74.046,41.176,67.472,A+,Fast Type,1390,77.26514730405782,77.26514730405782,グリーンランカー,
ライブチャレンジ006.jpeg,OK,3,0.123077,0.769231,0.107692,100.769,76.923,93.333,80.205,SS,Balanced Player,353,19.62201222901612,19.62201222901612,シルバーランカー,
ライブチャレンジ007.jpeg,OK,3,0.184615,0.738462,0.076923,100.738,73.846,58.824,70.842,AA+,Slow Type,1164,64.70261256253474,64.70261256253474,オレンジランカー,
ライブチャレンジ008.jpeg,OK,3,0.061538,0.715385,0.223077,100.715,71.538,43.243,65.879,A,Fast Type,1478,82.15675375208448,82.15675375208448,ブルーランカー,
ライブチャレンジ009.jpeg,OK,3,0.069231,0.730769,0.200000,100.731,73.077,51.429,68.747,AA,Fast Type,1321,73.42968315730961,73.42968315730961,グリーンランカー,
ライブチャレンジ010.jpeg,OK,3,0.076923,0.846154,0.076923,100.846,84.615,100.000,87.692,SSS+,Precision Master,17,0.9449694274596998,0.9449694274596998,レインボーランカー,
ライブチャレンジ011.jpeg,OK,3,0.325581,0.620155,0.054264,100.620,62.016,28.571,55.327,CC,Slow Type,1752,97.38743746525847,97.38743746525847,ホワイトランカー,
ライブチャレンジ012.jpeg,OK,3,0.124031,0.705426,0.170543,100.705,70.543,84.211,73.276,AAA,All Round Player,967,53.7520844913841,53.7520844913841,レッドランカー,
ライブチャレンジ013.jpeg,OK,3,0.107692,0.753846,0.138462,100.754,75.385,87.500,77.808,S,Balanced Player,545,30.294608115619788,30.294608115619788,パープルランカー,
ライブチャレンジ014.jpeg,OK,3,0.107692,0.676923,0.215385,100.677,67.692,66.667,67.487,A+,Fast Type,1389,77.20956086714843,77.20956086714843,グリーンランカー,
ライブチャレンジ015.jpeg,OK,3,0.138462,0.692308,0.169231,100.692,69.231,90.000,73.385,AAA,Balanced Player,958,53.25180655919956,53.25180655919956,レッドランカー,
ライブチャレンジ016.jpeg,OK,3,0.170543,0.689922,0.139535,100.690,68.992,90.000,73.194,AAA,Balanced Player,973,54.08560311284047,54.08560311284047,レッドランカー,
ライブチャレンジ017.jpeg,OK,3,0.131783,0.728682,0.139535,100.729,72.868,97.143,77.723,S,Balanced Player,553,30.739299610894943,30.739299610894943,パープルランカー,
ライブチャレンジ019.jpeg,OK,3,0.124031,0.751938,0.124031,100.752,75.194,100.000,80.155,SS,Balanced Player,357,19.844357976653697,19.844357976653697,シルバーランカー,
ライブチャレンジ020.jpeg,OK,3,0.147287,0.744186,0.108527,100.744,74.419,84.848,76.505,S,All Round Player,674,37.46525847693163,37.46525847693163,パープルランカー,
ライブチャレンジAA1.JPG,OK,3,0.101695,0.796610,0.101695,100.797,79.661,100.000,83.729,SS+,Balanced Player,136,7.5597554196775985,7.5597554196775985,ゴールドランカー,
ライブチャレンジAA10.JPG,OK,3,0.243056,0.631944,0.125000,100.632,63.194,67.925,64.140,A,Slow Type,1553,86.32573652028906,86.32573652028906,ブルーランカー,
ライブチャレンジAA11.JPG,OK,3,0.068966,0.735632,0.195402,100.736,73.563,52.174,69.285,AA,Fast Type,1281,71.20622568093385,71.20622568093385,グリーンランカー,
ライブチャレンジAA13.JPG,OK,3,0.160920,0.747126,0.091954,100.747,74.713,72.727,74.316,AAA+,All Round Player,881,48.971650917176206,48.971650917176206,パープルランカー,
ライブチャレンジAA14.JPG,OK,3,0.068966,0.718391,0.212644,100.718,71.839,48.980,67.267,A+,Fast Type,1401,77.87659811006115,77.87659811006115,グリーンランカー,
ライブチャレンジAA15.JPG,OK,3,0.132948,0.751445,0.115607,100.751,75.145,93.023,78.720,S+,Balanced Player,470,26.125625347415234,26.125625347415234,ブロンズランカー,
ライブチャレンジAA16.jpeg,OK,3,0.126437,0.747126,0.126437,100.747,74.713,100.000,79.770,S+,Balanced Player,388,21.567537520844915,21.567537520844915,ブロンズランカー,
ライブチャレンジAA17.JPG,OK,3,0.106742,0.764045,0.129213,100.764,76.404,90.476,79.219,S+,Balanced Player,426,23.679822123401888,23.679822123401888,ブロンズランカー,
ライブチャレンジAA18.JPG,OK,3,0.103448,0.666667,0.229885,100.667,66.667,62.069,65.747,A,Fast Type,1488,82.71261812117842,82.71261812117842,ブルーランカー,
ライブチャレンジAA19.png,OK,3,0.133333,0.722222,0.144444,100.722,72.222,96.000,76.978,S,Balanced Player,630,35.019455252918284,35.019455252918284,パープルランカー,
ライブチャレンジAA2.JPG,OK,3,0.137931,0.710345,0.151724,100.710,71.034,95.238,75.875,AAA+,Balanced Player,741,41.18954974986103,41.18954974986103,パープルランカー,
ライブチャレンジAA21.jpeg,OK,3,0.125000,0.750000,0.125000,100.750,75.000,100.000,80.000,SS,Balanced Player,370,20.566981656475818,20.566981656475818,ブロンズランカー,
ライブチャレンジAA22.jpeg,OK,3,0.147727,0.715909,0.136364,100.716,71.591,96.000,76.473,S,Balanced Player,679,37.7431906614786,37.7431906614786,パープルランカー,
ライブチャレンジAA23.jpeg,OK,3,0.106742,0.786517,0.106742,100.787,78.652,100.000,82.921,SS+,Balanced Player,169,9.394107837687605,9.394107837687605,ゴールドランカー,
ライブチャレンジAA24.jpeg,OK,3,0.067961,0.796117,0.135922,100.796,79.612,66.667,77.023,S,Fast Type,622,34.57476375764313,34.57476375764313,パープルランカー,
ライブチャレンジAA25.jpeg,OK,3,0.068571,0.668571,0.262857,100.669,66.857,41.379,61.762,BB,Fast Type,1628,90.49471928849361,90.49471928849361,ホワイトランカー,
ライブチャレンジAA27.jpeg,OK,3,0.137143,0.720000,0.142857,100.720,72.000,97.959,77.192,S,Balanced Player,611,33.9633129516398,33.9633129516398,パープルランカー,
ライブチャレンジAA28.jpeg,OK,3,0.097143,0.760000,0.142857,100.760,76.000,80.952,76.990,S,All Round Player,628,34.9082823790995,34.9082823790995,パープルランカー,
ライブチャレンジAA29.jpeg,OK,3,0.085714,0.697143,0.217143,100.697,69.714,56.604,67.092,A+,Fast Type,1411,78.43246247915509,78.43246247915509,グリーンランカー,
ライブチャレンジAA3.JPG,OK,3,0.135593,0.723164,0.141243,100.723,72.316,97.959,77.445,S,Balanced Player,581,32.295719844357976,32.295719844357976,パープルランカー,
ライブチャレンジAA30.PNG,OK,3,0.134409,0.725806,0.139785,100.726,72.581,98.039,77.672,S,Balanced Player,560,31.1284046692607,31.1284046692607,パープルランカー,
ライブチャレンジAA31.JPG,OK,3,0.124294,0.734463,0.141243,100.734,73.446,93.617,77.480,S,Balanced Player,578,32.128960533629794,32.128960533629794,パープルランカー,
ライブチャレンジAA32.JPG,OK,3,0.085714,0.737143,0.177143,100.737,73.714,65.217,72.015,AAA,Fast Type,1064,59.143968871595334,59.143968871595334,レッドランカー,
ライブチャレンジAA35.JPG,OK,3,0.062069,0.731034,0.206897,100.731,73.103,46.154,67.714,A+,Fast Type,1375,76.4313507504169,76.4313507504169,グリーンランカー,
ライブチャレンジAA36.JPG,OK,3,0.059406,0.821782,0.118812,100.822,82.178,66.667,79.076,S+,Amazing Specialist,439,24.402445803224012,24.402445803224012,ブロンズランカー,
ライブチャレンジAA37.JPG,OK,3,0.062937,0.804196,0.132867,100.804,80.420,64.286,77.193,S,Amazing Specialist,610,33.907726514730406,33.907726514730406,パープルランカー,
ライブチャレンジAA38.JPG,OK,3,0.103448,0.703448,0.193103,100.703,70.345,69.767,70.229,AA+,Fast Type,1210,67.25958866036687,67.25958866036687,オレンジランカー,
ライブチャレンジAA39.JPG,OK,3,0.096552,0.744828,0.158621,100.745,74.483,75.676,74.721,AAA+,All Round Player,842,46.803779877709836,46.803779877709836,パープルランカー,
ライブチャレンジAA4.JPG,OK,3,0.101695,0.711864,0.186441,100.712,71.186,70.588,71.067,AA+,Fast Type,1145,63.64647026125625,63.64647026125625,オレンジランカー,
ライブチャレンジAA40.JPG,OK,3,0.078431,0.803922,0.117647,100.804,80.392,80.000,80.314,SS,Amazing Specialist,346,19.232907170650364,19.232907170650364,シルバーランカー,
ライブチャレンジAA42.JPG,OK,3,0.075862,0.779310,0.144828,100.779,77.931,68.750,76.095,S,Fast Type,711,39.52195664257921,39.52195664257921,パープルランカー,
ライブチャレンジAA45.JPG,OK,3,0.095890,0.732877,0.171233,100.733,73.288,71.795,72.989,AAA,All Round Player,991,55.086158977209564,55.086158977209564,レッドランカー,
ライブチャレンジAA47.JPG,OK,3,0.116438,0.732877,0.150685,100.733,73.288,87.179,76.066,S,Balanced Player,714,39.688715953307394,39.688715953307394,パープルランカー,
ライブチャレンジAA48.JPG,OK,3,0.104167,0.743056,0.152778,100.743,74.306,81.081,75.661,AAA+,All Round Player,756,42.023346303501945,42.023346303501945,パープルランカー,
ライブチャレンジAA5.JPG,OK,3,0.040462,0.705202,0.254335,100.705,70.520,27.451,61.906,BB,Fast Type,1625,90.32795997776543,90.32795997776543,ホワイトランカー,
ライブチャレンジAA50.JPG,OK,3,0.051724,0.752874,0.195402,100.753,75.287,41.860,68.602,AA,Fast Type,1330,73.92996108949417,73.92996108949417,グリーンランカー,
ライブチャレンジAA51.JPG,OK,3,0.057471,0.781609,0.160920,100.782,78.161,52.632,73.055,AAA,Fast Type,979,54.41912173429683,54.41912173429683,レッドランカー,
ライブチャレンジAA52.JPG,OK,3,0.068966,0.775862,0.155172,100.776,77.586,61.538,74.377,AAA+,Fast Type,877,48.74930516953863,48.74930516953863,パープルランカー,
ライブチャレンジAA53.JPG,OK,3,0.028409,0.732955,0.238636,100.733,73.295,21.277,62.892,BBB,Fast Type,1595,88.6603668704836,88.6603668704836,ブルーランカー,
ライブチャレンジAA54.JPG,OK,3,0.068571,0.794286,0.137143,100.794,79.429,66.667,76.876,S,Fast Type,640,35.57531962201223,35.57531962201223,パープルランカー,
ライブチャレンジAA56.JPG,OK,3,0.097701,0.781609,0.120690,100.782,78.161,89.474,80.423,SS,Balanced Player,337,18.732629238465815,18.732629238465815,シルバーランカー,
ライブチャレンジAA57.JPG,OK,3,0.067797,0.790960,0.141243,100.791,79.096,64.865,76.250,S,Fast Type,698,38.79933296275709,38.79933296275709,パープルランカー,
ライブチャレンジAA58.JPG,OK,3,0.068493,0.780822,0.150685,100.781,78.082,62.500,74.966,AAA+,Fast Type,813,45.19177320733741,45.19177320733741,パープルランカー,
ライブチャレンジAA59.JPG,OK,3,0.041379,0.786207,0.172414,100.786,78.621,38.710,70.638,AA+,Fast Type,1182,65.70316842690383,65.70316842690383,オレンジランカー,
ライブチャレンジAA60.JPG,OK,3,0.097087,0.844660,0.058252,100.845,84.466,75.000,82.573,SS+,Amazing Specialist,187,10.394663702056699,10.394663702056699,シルバーランカー,
ライブチャレンジAA62.JPG,OK,3,0.073864,0.801136,0.125000,100.801,80.114,74.286,78.948,S+,Amazing Specialist,454,25.236242356864924,25.236242356864924,ブロンズランカー,
ライブチャレンジAA63.JPG,OK,3,0.079137,0.705036,0.215827,100.705,70.504,53.659,67.135,A+,Fast Type,1406,78.15453029460812,78.15453029460812,グリーンランカー,
ライブチャレンジAA65.jpg,OK,3,0.126829,0.775610,0.097561,100.776,77.561,86.957,79.440,S+,All Round Player,414,23.01278488048916,23.01278488048916,ブロンズランカー,
ライブチャレンジAA66.jpg,OK,3,0.088235,0.686275,0.225490,100.686,68.627,56.250,66.152,A+,Fast Type,1462,81.26737076153418,81.26737076153418,ブルーランカー,
ライブチャレンジAA67.jpg,OK,3,0.136585,0.795122,0.068293,100.795,79.512,66.667,76.943,S,Slow Type,634,35.24180100055587,35.24180100055587,パープルランカー,
ライブチャレンジAA68.jpg,OK,3,0.174757,0.771845,0.053398,100.772,77.184,46.809,71.109,AA+,Slow Type,1141,63.42412451361867,63.42412451361867,オレンジランカー,
ライブチャレンジAA7.JPG,OK,3,0.188571,0.702857,0.108571,100.703,70.286,73.077,70.844,AA+,All Round Player,1163,64.64702612562535,64.64702612562535,オレンジランカー,
ライブチャレンジAA70.jpg,OK,3,0.097087,0.796117,0.106796,100.796,79.612,95.238,82.737,SS+,Balanced Player,178,9.894385769872152,9.894385769872152,ゴールドランカー,
ライブチャレンジAA71.jpg,OK,3,0.039024,0.741463,0.219512,100.741,74.146,30.189,65.355,A,Fast Type,1504,83.60200111172874,83.60200111172874,ブルーランカー,
ライブチャレンジAA73.jpg,OK,3,0.102439,0.653659,0.243902,100.654,65.366,59.155,64.124,A,Fast Type,1554,86.38132295719845,86.38132295719845,ブルーランカー,
ライブチャレンジAA74.jpg,OK,3,0.088235,0.764706,0.147059,100.765,76.471,75.000,76.176,S,All Round Player,704,39.132851584213455,39.132851584213455,パープルランカー,
ライブチャレンジAA75.jpg,OK,3,0.146341,0.800000,0.053659,100.800,80.000,53.659,74.732,AAA+,Amazing Specialist,839,46.637020566981654,46.637020566981654,パープルランカー,
ライブチャレンジAA76.jpg,OK,3,0.165854,0.780488,0.053659,100.780,78.049,48.889,72.217,AAA,Slow Type,1051,58.42134519177321,58.42134519177321,レッドランカー,
ライブチャレンジAA78.png,OK,3,0.210000,0.645000,0.145000,100.645,64.500,81.690,67.938,A+,All Round Player,1362,75.70872707059478,75.70872707059478,グリーンランカー,
ライブチャレンジAA79.jpg,OK,3,0.080000,0.765714,0.154286,100.766,76.571,68.293,74.916,AAA+,Fast Type,819,45.525291828793776,45.525291828793776,パープルランカー,
ライブチャレンジAA8.JPG,OK,3,0.080000,0.748571,0.171429,100.749,74.857,63.636,72.613,AAA,Fast Type,1020,56.69816564758199,56.69816564758199,レッドランカー,
ライブチャレンジAA80.png,OK,3,0.078431,0.833333,0.088235,100.833,83.333,94.118,85.490,SSS,Precision Master,70,3.8910505836575875,3.8910505836575875,プラチナランカー,
ライブチャレンジAA9.JPG,OK,3,0.300699,0.594406,0.104895,100.594,59.441,51.724,57.897,CCC,Slow Type,1714,95.27515286270149,95.27515286270149,ホワイトランカー,
夜492.png,OK,3,0.240223,0.709497,0.050279,100.709,70.950,34.615,63.683,BBB,Slow Type,1574,87.49305169538633,87.49305169538633,ブルーランカー,
夢ノ咲.png,OK,3,0.022222,0.650000,0.327778,100.650,65.000,12.698,54.540,CC,Fast Type,1758,97.72095608671484,97.72095608671484,ホワイトランカー,
指674.png,OK,3,0.139665,0.759777,0.100559,100.760,75.978,83.721,77.526,S,All Round Player,573,31.85102834908282,31.85102834908282,パープルランカー,
斬.jpg,OK,3,0.138554,0.710843,0.150602,100.711,71.084,95.833,76.034,S,Balanced Player,718,39.91106170094497,39.91106170094497,パープルランカー,
新曲.jpg,OK,3,0.069930,0.734266,0.195804,100.734,73.427,52.632,69.268,AA,Fast Type,1284,71.37298499166204,71.37298499166204,グリーンランカー,
歓迎.png,OK,3,0.072222,0.833333,0.094444,100.833,83.333,86.667,84.000,SSS,Amazing Specialist,120,6.670372429127293,6.670372429127293,プラチナランカー,
糸糸.png,OK,3,0.050279,0.486034,0.463687,100.486,48.603,19.565,42.796,F,Fast Type,1798,99.9444135630906,99.9444135630906,ホワイトランカー,
補完2.jpg,OK,3,0.045714,0.617143,0.337143,100.617,61.714,23.881,54.148,CC,Fast Type,1761,97.88771539744302,97.88771539744302,ホワイトランカー,
補完3.jpg,OK,3,0.063218,0.695402,0.241379,100.695,69.540,41.509,63.934,BBB,Fast Type,1560,86.71484157865481,86.71484157865481,ブルーランカー,
追加1.png,OK,3,0.139785,0.763441,0.096774,100.763,76.344,81.818,77.439,S,All Round Player,583,32.40689271817676,32.40689271817676,パープルランカー,
追加2.png,OK,3,0.489011,0.489011,0.021978,100.489,48.901,8.602,40.841,F,Slow Type,1799,100.0,100.0,ホワイトランカー,
追加3.png,OK,3,0.022346,0.575419,0.402235,100.575,57.542,10.526,48.139,E,Fast Type,1789,99.44413563090606,99.44413563090606,ホワイトランカー,
追加4.png,OK,3,0.142012,0.704142,0.153846,100.704,70.414,96.000,75.531,AAA+,Balanced Player,766,42.579210672595885,42.579210672595885,パープルランカー,
通常10.png,OK,3,0.084270,0.691011,0.224719,100.691,69.101,54.545,66.190,A+,Fast Type,1458,81.0450250138966,81.0450250138966,ブルーランカー,
通常11.png,OK,3,0.150838,0.698324,0.150838,100.698,69.832,100.000,75.866,AAA+,Balanced Player,742,41.245136186770424,41.245136186770424,パープルランカー,
通常12.png,OK,3,0.111732,0.698324,0.189944,100.698,69.832,74.074,70.681,AA+,All Round Player,1175,65.31406336853807,65.31406336853807,オレンジランカー,
通常13_1.png,OK,3,0.086486,0.702703,0.210811,100.703,70.270,58.182,67.853,A+,Fast Type,1368,76.04224569205114,76.04224569205114,グリーンランカー,
通常14.png,OK,3,0.139785,0.666667,0.193548,100.667,66.667,83.871,70.108,AA+,All Round Player,1221,67.8710394663702,67.8710394663702,オレンジランカー,
通常15.png,OK,3,0.105556,0.744444,0.150000,100.744,74.444,82.609,76.077,S,All Round Player,713,39.633129516398,39.633129516398,パープルランカー,
通常16.png,OK,3,0.091892,0.708108,0.200000,100.708,70.811,62.963,69.241,AA,Fast Type,1286,71.48415786548082,71.48415786548082,グリーンランカー,
通常17_1.png,OK,3,0.037634,0.677419,0.284946,100.677,67.742,23.333,58.860,B,Fast Type,1698,94.38576987215119,94.38576987215119,ホワイトランカー,
通常18.png,OK,3,0.021505,0.682796,0.295699,100.683,68.280,13.559,57.336,CCC,Fast Type,1729,96.10894941634241,96.10894941634241,ホワイトランカー,
通常19.png,OK,3,0.059140,0.698925,0.241935,100.699,69.892,39.286,63.771,BBB,Fast Type,1569,87.21511951083936,87.21511951083936,ブルーランカー,
通常2.png,OK,3,0.083799,0.681564,0.234637,100.682,68.156,52.632,65.051,A,Fast Type,1523,84.65814341300722,84.65814341300722,ブルーランカー,
通常20.png,OK,3,0.064516,0.655914,0.279570,100.656,65.591,37.500,59.973,B,Fast Type,1665,92.55141745414119,92.55141745414119,ホワイトランカー,
通常21_1.png,OK,3,0.021390,0.620321,0.358289,100.620,62.032,11.268,51.879,D,Fast Type,1779,98.88827126181212,98.88827126181212,ホワイトランカー,
通常22.png,OK,3,0.134409,0.774194,0.091398,100.774,77.419,80.952,78.126,S+,All Round Player,513,28.515842134519175,28.515842134519175,ブロンズランカー,
通常23.png,OK,3,0.059140,0.677419,0.263441,100.677,67.742,36.667,61.527,BB,Fast Type,1635,90.88382434685937,90.88382434685937,ホワイトランカー,
通常24.png,OK,3,0.081081,0.772973,0.145946,100.773,77.297,71.429,76.124,S,All Round Player,709,39.410783768760425,39.410783768760425,パープルランカー,
通常25_1.png,OK,3,0.123656,0.731183,0.145161,100.731,73.118,92.000,76.895,S,Balanced Player,637,35.40856031128405,35.40856031128405,パープルランカー,
通常26.png,OK,3,0.108108,0.643243,0.248649,100.643,64.324,60.606,63.581,BBB,Fast Type,1578,87.7153974430239,87.7153974430239,ブルーランカー,
通常27.png,OK,3,0.135135,0.762162,0.102703,100.762,76.216,86.364,78.246,S+,All Round Player,503,27.959977765425236,27.959977765425236,ブロンズランカー,
通常28.png,OK,3,0.086486,0.713514,0.200000,100.714,71.351,60.377,69.157,AA,Fast Type,1293,71.87326292384658,71.87326292384658,グリーンランカー,
通常29_1.png,OK,3,0.161290,0.709677,0.129032,100.710,70.968,88.889,74.552,AAA+,Balanced Player,862,47.91550861589772,47.91550861589772,パープルランカー,
通常2本53_1.png,OK,2,0.000000,0.553763,0.446237,100.554,55.376,N/A,55.376,CC,N/A,1750,97.27626459143968,97.27626459143968,ホワイトランカー,
通常30.png,OK,3,0.080645,0.580645,0.338710,100.581,58.065,38.462,54.144,CC,Fast Type,1762,97.94330183435241,97.94330183435241,ホワイトランカー,
通常31.png,OK,3,0.139785,0.747312,0.112903,100.747,74.731,89.362,77.657,S,Balanced Player,563,31.29516397998888,31.29516397998888,パープルランカー,
通常32.png,OK,3,0.129730,0.772973,0.097297,100.773,77.297,85.714,78.981,S+,All Round Player,450,25.01389660922735,25.01389660922735,ブロンズランカー,
通常33_1.png,OK,3,0.038889,0.750000,0.211111,100.750,75.000,31.111,66.222,A+,Fast Type,1454,80.82267926625903,80.82267926625903,ブルーランカー,
通常34.png,OK,3,0.089385,0.743017,0.167598,100.743,74.302,69.565,73.354,AAA,Fast Type,961,53.41856586992774,53.41856586992774,レッドランカー,
通常35.png,OK,3,0.111732,0.782123,0.106145,100.782,78.212,97.436,82.057,SS+,Balanced Player,221,12.284602556976097,12.284602556976097,シルバーランカー,
通常36.png,OK,3,0.078212,0.798883,0.122905,100.799,79.888,77.778,79.466,S+,All Round Player,410,22.790439132851585,22.790439132851585,ブロンズランカー,
通常37_1.png,OK,3,0.089385,0.731844,0.178771,100.732,73.184,66.667,71.881,AA+,Fast Type,1083,60.20011117287382,60.20011117287382,オレンジランカー,
通常4.png,OK,3,0.078212,0.715084,0.206704,100.715,71.508,54.902,68.187,AA,Fast Type,1355,75.31962201222902,75.31962201222902,グリーンランカー,
通常40.png,OK,3,0.100559,0.743017,0.156425,100.743,74.302,78.261,75.094,AAA+,All Round Player,802,44.58032240133408,44.58032240133408,パープルランカー,
通常41_1.png,OK,3,0.207865,0.691011,0.101124,100.691,69.101,65.455,68.372,AA,Slow Type,1344,74.70817120622569,74.70817120622569,グリーンランカー,
通常42.png,OK,3,0.346369,0.625698,0.027933,100.626,62.570,14.925,53.041,C,Slow Type,1773,98.55475264035576,98.55475264035576,ホワイトランカー,
通常43.png,OK,3,0.189944,0.715084,0.094972,100.715,71.508,66.667,70.540,AA+,Slow Type,1190,66.14785992217898,66.14785992217898,オレンジランカー,
通常44.jpeg,OK,3,0.166667,0.729167,0.104167,100.729,72.917,76.923,73.718,AAA,All Round Player,926,51.47304057809894,51.47304057809894,レッドランカー,
通常46.jpeg,OK,3,0.062937,0.706294,0.230769,100.706,70.629,42.857,65.075,A,Fast Type,1520,84.49138410227904,84.49138410227904,ブルーランカー,
通常47.png,OK,3,0.064516,0.795699,0.139785,100.796,79.570,63.158,76.287,S,Fast Type,694,38.576987215119516,38.576987215119516,パープルランカー,
通常48.png,OK,3,0.053763,0.715054,0.231183,100.715,71.505,37.736,64.751,A,Fast Type,1532,85.15842134519177,85.15842134519177,ブルーランカー,
通常49_1.png,OK,3,0.075269,0.790323,0.134409,100.790,79.032,71.795,77.585,S,All Round Player,569,31.628682601445245,31.628682601445245,パープルランカー,
通常52.png,OK,3,0.037634,0.607527,0.354839,100.608,60.753,19.178,52.438,C,Fast Type,1777,98.77709838799333,98.77709838799333,ホワイトランカー,
通常54.png,OK,3,0.086022,0.698925,0.215054,100.699,69.892,57.143,67.343,A+,Fast Type,1398,77.70983879933297,77.70983879933297,グリーンランカー,
通常55.png,OK,3,0.118280,0.720430,0.161290,100.720,72.043,84.615,74.557,AAA+,All Round Player,861,47.85992217898833,47.85992217898833,パープルランカー,
通常56.png,OK,3,0.054054,0.729730,0.216216,100.730,72.973,40.000,66.378,A+,Fast Type,1448,80.48916064480267,80.48916064480267,ブルーランカー,
通常57_1.png,OK,3,0.032258,0.650538,0.317204,100.651,65.054,18.462,55.735,CC,Fast Type,1746,97.05391884380211,97.05391884380211,ホワイトランカー,
通常58.png,OK,3,0.032258,0.655914,0.311828,100.656,65.591,18.750,56.223,CCC,Fast Type,1740,96.72040022234575,96.72040022234575,ホワイトランカー,
通常59.png,OK,3,0.064516,0.650538,0.284946,100.651,65.054,36.923,59.428,B,Fast Type,1680,93.3852140077821,93.3852140077821,ホワイトランカー,
通常6.png,OK,3,0.083799,0.642458,0.273743,100.642,64.246,46.875,60.772,BB,Fast Type,1650,91.71762090050028,91.71762090050028,ホワイトランカー,
通常60.png,OK,3,0.043243,0.610811,0.345946,100.611,61.081,22.222,53.309,C,Fast Type,1771,98.44357976653697,98.44357976653697,ホワイトランカー,
通常61_1.png,OK,3,0.173184,0.793296,0.033520,100.793,79.330,32.432,69.950,AA,Slow Type,1236,68.70483602001111,68.70483602001111,オレンジランカー,
通常62.jpeg,OK,3,0.179310,0.779310,0.041379,100.779,77.931,37.500,69.845,AA,Slow Type,1246,69.26070038910505,69.26070038910505,オレンジランカー,
通常63.jpeg,OK,3,0.159722,0.694444,0.145833,100.694,69.444,95.455,74.646,AAA+,Balanced Player,852,47.359644246803775,47.359644246803775,パープルランカー,
通常64.jpeg,OK,3,0.103448,0.779310,0.117241,100.779,77.931,93.750,81.095,SS,Balanced Player,286,15.897720956086713,15.897720956086713,シルバーランカー,
通常65_1.jpeg,OK,3,0.082759,0.765517,0.151724,100.766,76.552,70.588,75.359,AAA+,Fast Type,779,43.30183435241801,43.30183435241801,パープルランカー,
通常66.jpeg,OK,3,0.215278,0.659722,0.125000,100.660,65.972,73.469,67.472,A+,All Round Player,1391,77.32073374096721,77.32073374096721,グリーンランカー,
通常68.jpeg,OK,3,0.326389,0.638889,0.034722,100.639,63.889,19.231,54.957,CC,Slow Type,1755,97.55419677598665,97.55419677598665,ホワイトランカー,
通常7.png,OK,3,0.185393,0.758427,0.056180,100.758,75.843,46.512,69.976,AA,Slow Type,1232,68.48249027237354,68.48249027237354,オレンジランカー,
通常70.jpeg,OK,3,0.131944,0.756944,0.111111,100.757,75.694,91.429,78.841,S+,Balanced Player,464,25.79210672595887,25.79210672595887,ブロンズランカー,
通常8.png,OK,3,0.229050,0.709497,0.061453,100.709,70.950,42.308,65.221,A,Slow Type,1512,84.04669260700389,84.04669260700389,ブルーランカー,
通常80.jpeg,OK,3,0.117241,0.765517,0.117241,100.766,76.552,100.000,81.241,SS,Balanced Player,277,15.397443023902168,15.397443023902168,シルバーランカー,
通常81_1.jpeg,OK,3,0.337931,0.620690,0.041379,100.621,62.069,21.818,54.019,CC,Slow Type,1764,98.0544747081712,98.0544747081712,ホワイトランカー,
通常82.jpeg,OK,3,0.103448,0.696552,0.200000,100.697,69.655,68.182,69.361,AA,Fast Type,1275,70.87270705947749,70.87270705947749,グリーンランカー,
通常83.png,OK,3,0.086486,0.691892,0.221622,100.692,69.189,56.140,66.579,A+,Fast Type,1438,79.93329627570873,79.93329627570873,グリーンランカー,
通常84_1.png,OK,3,0.150538,0.731183,0.118280,100.731,73.118,88.000,76.095,S,Balanced Player,712,39.577543079488606,39.577543079488606,パープルランカー,
通常85.png,OK,3,0.201117,0.709497,0.089385,100.709,70.950,61.538,69.067,AA,Slow Type,1302,72.37354085603113,72.37354085603113,グリーンランカー,
通常86.png,OK,3,0.222222,0.716667,0.061111,100.717,71.667,43.137,65.961,A,Slow Type,1473,81.87882156753751,81.87882156753751,ブルーランカー,
通常87.jpeg,OK,3,0.055172,0.682759,0.262069,100.683,68.276,34.783,61.577,BB,Fast Type,1633,90.77265147304058,90.77265147304058,ホワイトランカー,
通常89.png,OK,3,0.122222,0.716667,0.161111,100.717,71.667,86.275,74.588,AAA+,All Round Player,858,47.693162868260146,47.693162868260146,パープルランカー,
通常9_1.png,OK,3,0.089385,0.776536,0.134078,100.777,77.654,80.000,78.123,S+,All Round Player,514,28.57142857142857,28.57142857142857,ブロンズランカー,
通常ライブAA1.PNG,OK,3,0.193548,0.747312,0.059140,100.747,74.731,46.809,69.147,AA,Slow Type,1295,71.98443579766537,71.98443579766537,グリーンランカー,
通常ライブAA10.PNG,OK,3,0.113514,0.697297,0.189189,100.697,69.730,75.000,70.784,AA+,All Round Player,1172,65.14730405780989,65.14730405780989,オレンジランカー,
通常ライブAA101.JPG,OK,3,0.078431,0.784314,0.137255,100.784,78.431,72.727,77.291,S,All Round Player,601,33.407448582545854,33.407448582545854,パープルランカー,
通常ライブAA103.JPG,OK,3,0.079096,0.683616,0.237288,100.684,68.362,50.000,64.689,A,Fast Type,1533,85.21400778210116,85.21400778210116,ブルーランカー,
通常ライブAA104.JPG,OK,3,0.058824,0.725490,0.215686,100.725,72.549,42.857,66.611,A+,Fast Type,1436,79.82212340188994,79.82212340188994,グリーンランカー,
通常ライブAA105.JPG,OK,3,0.049505,0.762376,0.188119,100.762,76.238,41.667,69.323,AA,Fast Type,1278,71.03946637020567,71.03946637020567,グリーンランカー,
通常ライブAA106.JPG,OK,3,0.172414,0.710345,0.117241,100.710,71.034,80.952,73.018,AAA,All Round Player,985,54.7526403557532,54.7526403557532,レッドランカー,
通常ライブAA108.JPG,OK,3,0.145833,0.791667,0.062500,100.792,79.167,60.000,75.333,AAA+,Slow Type,781,43.4130072262368,43.4130072262368,パープルランカー,
通常ライブAA108.png,OK,3,0.115578,0.698492,0.185930,100.698,69.849,76.667,71.213,AA+,All Round Player,1129,62.757087270705945,62.757087270705945,オレンジランカー,
通常ライブAA11.JPG,OK,3,0.101124,0.758427,0.140449,100.758,75.843,83.721,77.418,S,All Round Player,589,32.74041133963313,32.74041133963313,パープルランカー,
通常ライブAA111.png,OK,3,0.067961,0.728155,0.203883,100.728,72.816,50.000,68.252,AA,Fast Type,1350,75.04168982768205,75.04168982768205,グリーンランカー,
通常ライブAA112.png,OK,3,0.128492,0.726257,0.145251,100.726,72.626,93.878,76.876,S,Balanced Player,641,35.630906058921624,35.630906058921624,パープルランカー,
通常ライブAA114.png,OK,3,0.061453,0.675978,0.262570,100.676,67.598,37.931,61.664,BB,Fast Type,1630,90.6058921623124,90.6058921623124,ホワイトランカー,
通常ライブAA115.png,OK,3,0.100559,0.653631,0.245810,100.654,65.363,58.065,63.903,BBB,Fast Type,1561,86.7704280155642,86.7704280155642,ブルーランカー,
通常ライブAA116.png,OK,3,0.173184,0.670391,0.156425,100.670,67.039,94.915,72.614,AAA,Balanced Player,1019,56.642579210672594,56.642579210672594,レッドランカー,
通常ライブAA117.png,OK,3,0.106145,0.692737,0.201117,100.693,69.274,69.091,69.237,AA,Fast Type,1287,71.53974430239022,71.53974430239022,グリーンランカー,
通常ライブAA12.JPG,OK,3,0.215278,0.701389,0.083333,100.701,70.139,55.814,67.274,A+,Slow Type,1400,77.82101167315176,77.82101167315176,グリーンランカー,
通常ライブAA15.JPG,OK,3,0.126761,0.760563,0.112676,100.761,76.056,94.118,79.669,S+,Balanced Player,395,21.956642579210673,21.956642579210673,ブロンズランカー,
通常ライブAA16.JPG,OK,3,0.114943,0.689655,0.195402,100.690,68.966,74.074,69.987,AA,All Round Player,1231,68.42690383546415,68.42690383546415,オレンジランカー,
通常ライブAA17.JPG,OK,3,0.172414,0.712644,0.114943,100.713,71.264,80.000,73.011,AAA,All Round Player,986,54.808226792662595,54.808226792662595,レッドランカー,
通常ライブAA18.JPG,OK,3,0.089655,0.641379,0.268966,100.641,64.138,50.000,61.310,BB,Fast Type,1642,91.27292940522513,91.27292940522513,ホワイトランカー,
通常ライブAA19.JPG,OK,3,0.104167,0.680556,0.215278,100.681,68.056,65.217,67.488,A+,Fast Type,1388,77.15397443023903,77.15397443023903,グリーンランカー,
通常ライブAA2.PNG,OK,3,0.162162,0.794595,0.043243,100.795,79.459,42.105,71.989,AA+,Slow Type,1074,59.69983324068927,59.69983324068927,レッドランカー,
通常ライブAA21.JPG,OK,3,0.045714,0.817143,0.137143,100.817,81.714,50.000,75.371,AAA+,Amazing Specialist,778,43.24624791550862,43.24624791550862,パープルランカー,
通常ライブAA22.JPG,OK,3,0.107955,0.727273,0.164773,100.727,72.727,79.167,74.015,AAA+,All Round Player,899,49.9722067815453,49.9722067815453,パープルランカー,
通常ライブAA23.JPG,OK,3,0.227273,0.693182,0.079545,100.693,69.318,51.852,65.825,A,Slow Type,1481,82.32351306281267,82.32351306281267,ブルーランカー,
通常ライブAA24.JPG,OK,3,0.062147,0.807910,0.129944,100.808,80.791,64.706,77.574,S,Amazing Specialist,570,31.68426903835464,31.68426903835464,パープルランカー,
通常ライブAA25.JPG,OK,3,0.209040,0.723164,0.067797,100.723,72.316,48.980,67.649,A+,Slow Type,1379,76.65369649805449,76.65369649805449,グリーンランカー,
通常ライブAA26.JPG,OK,3,0.073034,0.837079,0.089888,100.837,83.708,89.655,84.897,SSS,Precision Master,87,4.836020011117288,4.836020011117288,プラチナランカー,
通常ライブAA27.JPG,OK,3,0.107955,0.732955,0.159091,100.733,73.295,80.851,74.807,AAA+,All Round Player,830,46.13674263479711,46.13674263479711,パープルランカー,
通常ライブAA28.JPG,OK,3,0.061798,0.797753,0.140449,100.798,79.775,61.111,76.042,S,Fast Type,716,39.79988882712618,39.79988882712618,パープルランカー,
通常ライブAA29.JPG,OK,3,0.113636,0.789773,0.096591,100.790,78.977,91.892,81.560,SS,Balanced Player,251,13.952195664257921,13.952195664257921,シルバーランカー,
通常ライブAA3.PNG,OK,3,0.145946,0.778378,0.075676,100.778,77.838,68.293,75.929,AAA+,Slow Type,731,40.63368538076709,40.63368538076709,パープルランカー,
通常ライブAA30.JPG,OK,3,0.090395,0.751412,0.158192,100.751,75.141,72.727,74.658,AAA+,All Round Player,848,47.1372984991662,47.1372984991662,パープルランカー,
通常ライブAA31.JPG,OK,3,0.135593,0.661017,0.203390,100.661,66.102,80.000,68.881,AA,All Round Player,1314,73.04057809894385,73.04057809894385,グリーンランカー,
通常ライブAA32.JPG,OK,3,0.146893,0.717514,0.135593,100.718,71.751,96.000,76.601,S,Balanced Player,667,37.07615341856587,37.07615341856587,パープルランカー,
通常ライブAA33.JPG,OK,3,0.084746,0.779661,0.135593,100.780,77.966,76.923,77.757,S,All Round Player,550,30.57254030016676,30.57254030016676,パープルランカー,
通常ライブAA34.JPG,OK,3,0.073446,0.711864,0.214689,100.712,71.186,50.980,67.145,A+,Fast Type,1405,78.09894385769873,78.09894385769873,グリーンランカー,
通常ライブAA35.JPG,OK,3,0.176136,0.744318,0.079545,100.744,74.432,62.222,71.990,AA+,Slow Type,1073,59.64424680377988,59.64424680377988,レッドランカー,
通常ライブAA36.JPG,OK,3,0.073034,0.853933,0.073034,100.854,85.393,100.000,88.315,SSS+,Precision Master,10,0.5558643690939411,0.5558643690939411,レインボーランカー,
通常ライブAA37.JPG,OK,3,0.225989,0.672316,0.101695,100.672,67.232,62.069,66.199,A+,Slow Type,1457,80.98943857698721,80.98943857698721,ブルーランカー,
通常ライブAA38.JPG,OK,3,0.140449,0.707865,0.151685,100.708,70.787,96.154,75.860,AAA+,Balanced Player,744,41.35630906058921,41.35630906058921,パープルランカー,
通常ライブAA39.JPG,OK,3,0.073446,0.796610,0.129944,100.797,79.661,72.222,78.173,S+,All Round Player,509,28.2934963868816,28.2934963868816,ブロンズランカー,
通常ライブAA4.PNG,OK,3,0.194595,0.767568,0.037838,100.768,76.757,32.558,67.917,A+,Slow Type,1364,75.81989994441356,75.81989994441356,グリーンランカー,
通常ライブAA41.JPG,OK,3,0.112994,0.796610,0.090395,100.797,79.661,88.889,81.507,SS,Balanced Player,253,14.063368538076709,14.063368538076709,シルバーランカー,
通常ライブAA44.JPG,OK,3,0.102857,0.737143,0.160000,100.737,73.714,78.261,74.624,AAA+,All Round Player,855,47.52640355753196,47.52640355753196,パープルランカー,
通常ライブAA45.JPG,OK,3,0.034483,0.517241,0.448276,100.517,51.724,14.286,44.236,F,Fast Type,1796,99.83324068927182,99.83324068927182,ホワイトランカー,
通常ライブAA47.JPG,OK,3,0.092486,0.687861,0.219653,100.688,68.786,59.259,66.881,A+,Fast Type,1420,78.93274041133964,78.93274041133964,グリーンランカー,
通常ライブAA48.JPG,OK,3,0.159722,0.652778,0.187500,100.653,65.278,92.000,70.622,AA+,Balanced Player,1183,65.75875486381322,65.75875486381322,オレンジランカー,
通常ライブAA49.JPG,OK,3,0.063218,0.752874,0.183908,100.753,75.287,51.163,70.462,AA+,Fast Type,1196,66.48137854363534,66.48137854363534,オレンジランカー,
通常ライブAA5.PNG,OK,3,0.237838,0.702703,0.059459,100.703,70.270,40.000,64.216,A,Slow Type,1550,86.15897720956087,86.15897720956087,ブルーランカー,
通常ライブAA50.JPG,OK,3,0.045977,0.655172,0.298851,100.655,65.517,26.667,57.747,CCC,Fast Type,1719,95.55308504724847,95.55308504724847,ホワイトランカー,
通常ライブAA52.JPG,OK,3,0.102857,0.702857,0.194286,100.703,70.286,69.231,70.075,AA+,Fast Type,1225,68.09338521400778,68.09338521400778,オレンジランカー,
通常ライブAA53.JPG,OK,3,0.062069,0.758621,0.179310,100.759,75.862,51.429,70.975,AA+,Fast Type,1154,64.1467481934408,64.1467481934408,オレンジランカー,
通常ライブAA55.JPG,OK,3,0.116505,0.757282,0.126214,100.757,75.728,96.000,79.783,S+,Balanced Player,386,21.456364647026124,21.456364647026124,ブロンズランカー,
通常ライブAA56.png,OK,3,0.043478,0.706522,0.250000,100.707,70.652,29.630,62.448,BBB,Fast Type,1609,89.43857698721513,89.43857698721513,ブルーランカー,
通常ライブAA58.JPG,OK,3,0.085714,0.788571,0.125714,100.789,78.857,81.081,79.302,S+,All Round Player,422,23.457476375764312,23.457476375764312,ブロンズランカー,
通常ライブAA59.JPG,OK,3,0.102273,0.732955,0.164773,100.733,73.295,76.596,73.956,AAA,All Round Player,907,50.416898276820454,50.416898276820454,レッドランカー,
通常ライブAA6.PNG,OK,3,0.252688,0.715054,0.032258,100.715,71.505,22.642,61.733,BB,Slow Type,1629,90.550305725403,90.550305725403,ホワイトランカー,
通常ライブAA61.JPG,OK,3,0.189655,0.752874,0.057471,100.753,75.287,46.512,69.532,AA,Slow Type,1259,69.98332406892717,69.98332406892717,オレンジランカー,
通常ライブAA63.JPG,OK,3,0.113636,0.727273,0.159091,100.727,72.727,83.333,74.848,AAA+,All Round Player,826,45.91439688715953,45.91439688715953,パープルランカー,
通常ライブAA64.JPG,OK,3,0.117241,0.731034,0.151724,100.731,73.103,87.179,75.919,AAA+,Balanced Player,733,40.74485825458588,40.74485825458588,パープルランカー,
通常ライブAA65.jpg,OK,3,0.106796,0.791262,0.101942,100.791,79.126,97.674,82.836,SS+,Balanced Player,173,9.616453585325182,9.616453585325182,ゴールドランカー,
通常ライブAA66.jpg,OK,3,0.072816,0.771845,0.155340,100.772,77.184,63.830,74.514,AAA+,Fast Type,865,48.0822679266259,48.0822679266259,パープルランカー,
通常ライブAA67.jpg,OK,3,0.077670,0.728155,0.194175,100.728,72.816,57.143,69.681,AA,Fast Type,1254,69.7053918843802,69.7053918843802,オレンジランカー,
通常ライブAA68.JPG,OK,3,0.111111,0.687500,0.201389,100.688,68.750,71.111,69.222,AA,All Round Player,1288,71.59533073929961,71.59533073929961,グリーンランカー,
通常ライブAA69.JPG,OK,3,0.178161,0.689655,0.132184,100.690,68.966,85.185,72.209,AAA,All Round Player,1053,58.532518065592,58.532518065592,レッドランカー,
通常ライブAA7.PNG,OK,3,0.037838,0.713514,0.248649,100.714,71.351,26.415,62.364,BBB,Fast Type,1612,89.60533629794331,89.60533629794331,ブルーランカー,
通常ライブAA70.JPG,OK,3,0.138728,0.705202,0.156069,100.705,70.520,94.118,75.240,AAA+,Balanced Player,791,43.96887159533074,43.96887159533074,パープルランカー,
通常ライブAA71.JPG,OK,3,0.237762,0.657343,0.104895,100.657,65.734,61.224,64.832,A,Slow Type,1529,84.99166203446359,84.99166203446359,ブルーランカー,
通常ライブAA72.JPG,OK,3,0.157534,0.726027,0.116438,100.726,72.603,85.000,75.082,AAA+,All Round Player,803,44.63590883824347,44.63590883824347,パープルランカー,
通常ライブAA73.jpeg,OK,3,0.166667,0.724138,0.109195,100.724,72.414,79.167,73.764,AAA,All Round Player,922,51.25069483046136,51.25069483046136,レッドランカー,
通常ライブAA74.jpeg,OK,3,0.090278,0.736111,0.173611,100.736,73.611,68.421,72.573,AAA,Fast Type,1023,56.86492495831017,56.86492495831017,レッドランカー,
通常ライブAA75.jpeg,OK,3,0.137255,0.735294,0.127451,100.735,73.529,96.296,78.083,S+,Balanced Player,521,28.960533629794334,28.960533629794334,ブロンズランカー,
通常ライブAA76.JPG,OK,3,0.125714,0.800000,0.074286,100.800,80.000,74.286,78.857,S+,Amazing Specialist,463,25.73652028904947,25.73652028904947,ブロンズランカー,
通常ライブAA77.JPG,OK,3,0.068571,0.548571,0.382857,100.549,54.857,30.380,49.962,E,Fast Type,1784,99.16620344635909,99.16620344635909,ホワイトランカー,
通常ライブAA78.JPG,OK,3,0.086207,0.718391,0.195402,100.718,71.839,61.224,69.716,AA,Fast Type,1251,69.53863257365202,69.53863257365202,オレンジランカー,
通常ライブAA79.JPG,OK,3,0.121827,0.837563,0.040609,100.838,83.756,50.000,77.005,S,Amazing Specialist,624,34.68593663146192,34.68593663146192,パープルランカー,
通常ライブAA8.PNG,OK,3,0.162162,0.756757,0.081081,100.757,75.676,66.667,73.874,AAA,Slow Type,914,50.80600333518621,50.80600333518621,レッドランカー,
通常ライブAA80.JPG,OK,3,0.062500,0.708333,0.229167,100.708,70.833,42.857,65.238,A,Fast Type,1511,83.9911061700945,83.9911061700945,ブルーランカー,
通常ライブAA83.JPG,OK,3,0.080460,0.678161,0.241379,100.678,67.816,50.000,64.253,A,Fast Type,1547,85.99221789883269,85.99221789883269,ブルーランカー,
通常ライブAA84.JPG,OK,3,0.057803,0.670520,0.271676,100.671,67.052,35.088,60.659,BB,Fast Type,1655,91.99555308504725,91.99555308504725,ホワイトランカー,
通常ライブAA88.JPG,OK,3,0.205714,0.697143,0.097143,100.697,69.714,64.151,68.602,AA,Slow Type,1331,73.98554752640356,73.98554752640356,グリーンランカー,
通常ライブAA89.JPG,OK,3,0.206897,0.678161,0.114943,100.678,67.816,71.429,68.539,AA,All Round Player,1335,74.20789327404114,74.20789327404114,グリーンランカー,
通常ライブAA9.PNG,OK,3,0.178378,0.681081,0.140541,100.681,68.108,88.136,72.114,AAA,Balanced Player,1060,58.92162312395776,58.92162312395776,レッドランカー,
通常ライブAA90.JPG,OK,3,0.131429,0.742857,0.125714,100.743,74.286,97.778,78.984,S+,Balanced Player,449,24.958310172317955,24.958310172317955,ブロンズランカー,
通常ライブAA91.JPG,OK,3,0.115607,0.728324,0.156069,100.728,72.832,85.106,75.287,AAA+,All Round Player,788,43.80211228460256,43.80211228460256,パープルランカー,
通常ライブAA92.JPG,OK,3,0.091954,0.724138,0.183908,100.724,72.414,66.667,71.264,AA+,Fast Type,1127,62.64591439688716,62.64591439688716,オレンジランカー,
通常ライブAA93.JPG,OK,3,0.126437,0.706897,0.166667,100.707,70.690,86.275,73.807,AAA,All Round Player,918,51.02834908282379,51.02834908282379,レッドランカー,
通常ライブAA94.JPG,OK,3,0.086207,0.660920,0.252874,100.661,66.092,50.847,63.043,BBB,Fast Type,1590,88.38243468593663,88.38243468593663,ブルーランカー,
通常ライブAA95.JPG,OK,3,0.154286,0.685714,0.160000,100.686,68.571,98.182,74.494,AAA+,Balanced Player,870,48.36020011117287,48.36020011117287,パープルランカー,
通常ライブAA96.JPG,OK,3,0.178082,0.732877,0.089041,100.733,73.288,66.667,71.963,AA+,Slow Type,1075,59.75541967759867,59.75541967759867,レッドランカー,
通常ライブAA98.JPG,OK,3,0.155340,0.747573,0.097087,100.748,74.757,76.923,75.190,AAA+,All Round Player,796,44.24680377987771,44.24680377987771,パープルランカー,
通常ライブAA99.JPG,OK,3,0.112994,0.734463,0.152542,100.734,73.446,85.106,75.778,AAA+,All Round Player,747,41.5230683713174,41.5230683713174,パープルランカー,
金956.png,OK,3,0.223464,0.731844,0.044693,100.732,73.184,33.333,65.214,A,Slow Type,1514,84.15786548082268,84.15786548082268,ブルーランカー,
雑技団.png,OK,3,0.083333,0.805556,0.111111,100.806,80.556,85.714,81.587,SS,Amazing Specialist,248,13.78543635352974,13.78543635352974,シルバーランカー,
青春.png,OK,3,0.194444,0.750000,0.055556,100.750,75.000,44.444,68.889,AA,Slow Type,1313,72.98499166203446,72.98499166203446,グリーンランカー,
青春謳.png,OK,3,0.189944,0.743017,0.067039,100.743,74.302,52.174,69.876,AA,Slow Type,1242,69.03835464146748,69.03835464146748,オレンジランカー,
